This is LuaHBTeX, Version 1.22.0 (MiKTeX 25.4) (format=lualatex 2025.9.13)  1 SEP 2026 22:01
 restricted system commands enabled.
**proceedings
(./proceedings.tex
LaTeX2e <2025-06-01> patch level 1
L3 programming layer <2025-08-13>
Lua module: luaotfload 2024-12-03 v3.29 Lua based OpenType font support
Lua module: lualibs 2023-07-13 v2.76 ConTeXt Lua standard libraries.
Lua module: lualibs-extended 2023-07-13 v2.76 ConTeXt Lua libraries -- extended 
collection.
luaotfload | conf : Root cache directory is "C:/Users/Thunderhelix/AppData/Local
/MiKTeX/luatex-cache/generic/names".
luaotfload | init : Loading fontloader "fontloader-2023-12-28.lua" from kpse-res
olved path "C:/MiKTeX/tex/luatex/luaotfload/fontloader-2023-12-28.lua".
Lua-only attribute luaotfload@noligature = 1
luaotfload | init : Context OpenType loader version 3.134
Inserting `luaotfload.node_processor' in `pre_linebreak_filter'.
Inserting `luaotfload.node_processor' in `hpack_filter'.
Inserting `luaotfload.glyph_stream' in `glyph_stream_provider'.
Inserting `luaotfload.define_font' in `define_font'.
Lua-only attribute luaotfload_color_attribute = 2
luaotfload | conf : Root cache directory is "C:/Users/Thunderhelix/AppData/Local
/MiKTeX/luatex-cache/generic/names".
Inserting `luaotfload.harf.strip_prefix' in `find_opentype_file'.
Inserting `luaotfload.harf.strip_prefix' in `find_truetype_file'.
Removing  `luaotfload.glyph_stream' from `glyph_stream_provider'.
Inserting `luaotfload.harf.glyphstream' in `glyph_stream_provider'.
Inserting `luaotfload.harf.finalize_vlist' in `post_linebreak_filter'.
Inserting `luaotfload.harf.finalize_hlist' in `hpack_filter'.
Inserting `luaotfload.cleanup_files' in `wrapup_run'.
Inserting `luaotfload.harf.finalize_unicode' in `finish_pdffile'.
Inserting `luaotfload.glyphinfo' in `glyph_info'.
Lua-only attribute luaotfload.letterspace_done = 3
Inserting `luaotfload.aux.set_sscale_dimens' in `luaotfload.patch_font'.
Inserting `luaotfload.aux.set_font_index' in `luaotfload.patch_font'.
Inserting `luaotfload.aux.patch_cambria_domh' in `luaotfload.patch_font'.
Inserting `luaotfload.aux.fixup_fontdata' in `luaotfload.patch_font_unsafe'.
Inserting `luaotfload.aux.set_capheight' in `luaotfload.patch_font'.
Inserting `luaotfload.aux.set_xheight' in `luaotfload.patch_font'.
Inserting `luaotfload.rewrite_fontname' in `luaotfload.patch_font'.
Inserting `tracingstacklevels' in `input_level_string'. (C:/MiKTeX/tex/latex/la
tex-lab/documentmetadata-support.ltx
(C:/MiKTeX/tex/latex/pdfmanagement-testphase/pdfmanagement-testphase.sty
Package: pdfmanagement-testphase 2025-08-05 v0.96v LaTeX PDF management bundle

(C:/MiKTeX/tex/latex/tagpdf/tagpdf-base.sty
Package: tagpdf-base 2025-07-16 v0.99u part of tagpdf - provide base, no-op ver
sions of the user commands 
\c@g__tag_MCID_abs_int=\count273
\c@g__tag_struct_abs_int=\count274
)
(C:/MiKTeX/tex/latex/pdfmanagement-testphase/pdfmanagement.ltx
File: pdfmanagement.ltx 2025-08-05 v0.96v PDF management code
\g__pdfmanagement_EmbeddedFiles_int=\count275
\l__pdfmeta_xmp_indent_int=\count276
\g_pdffile_embed_pdfa_int=\count277
\g_pdffile_embed_nonpdfa_int=\count278
)))
(C:/MiKTeX/tex/latex/l3backend/l3backend-luatex.def
File: l3backend-luatex.def 2025-06-09 L3 backend support: PDF output (LuaTeX)
\l__color_backend_stack_int=\count279
Inserting `l3color' in `luaotfload.parse_color'.
Inserting `l3opacity' in `luaotfload.parse_transparent'.)
(C:/MiKTeX/tex/latex/pdfmanagement-testphase/l3backend-testphase-luatex.def
File: l3backend-testphase-luatex.def 2025-08-05 v0.96s LaTeX PDF management bun
dle backend support:PDFoutput(LuaTeX)
\l__pdf_backend_tmpa_box=\box53
\l__pdf_backend_tmpb_box=\box54
\g__pdf_backend_resourceid_int=\count280
\g__pdf_backend_name_int=\count281
\g__pdf_backend_page_int=\count282
Custom whatsit pdf_link_adjust_level = 1
Inserting `linksplit' in `pre_shipout_filter'.
Lua function pdflinkadjustlevel = 29)
(C:/MiKTeX/tex/latex/pdfmanagement-testphase/pdfmanagement-firstaid.sty
Package: pdfmanagement-firstaid 2025-08-05 v0.96v LaTeX PDF management bundle /
 firstaid-patches

Package pdfmanagement Info: loading pdfmanagement firstaid code for pgf

)
(C:/MiKTeX/tex/latex/koma-script/scrbook.cls
Document Class: scrbook 2025/08/28 v3.47 KOMA-Script document class (book)
(C:/MiKTeX/tex/latex/koma-script/scrkbase.sty
Package: scrkbase 2025/08/28 v3.47 KOMA-Script package (KOMA-Script-dependent b
asics and keyval usage)

(C:/MiKTeX/tex/latex/koma-script/scrbase.sty
Package: scrbase 2025/08/28 v3.47 KOMA-Script package (KOMA-Script-independent 
basics and keyval usage)

(C:/MiKTeX/tex/latex/koma-script/scrlfile.sty
Package: scrlfile 2025/08/28 v3.47 KOMA-Script package (file load hooks)

(C:/MiKTeX/tex/latex/koma-script/scrlfile-hook.sty
Package: scrlfile-hook 2025/08/28 v3.47 KOMA-Script package (using LaTeX hooks)


(C:/MiKTeX/tex/latex/koma-script/scrlogo.sty
Package: scrlogo 2025/08/28 v3.47 KOMA-Script package (logo)
)))
(C:/MiKTeX/tex/latex/graphics/keyval.sty
Package: keyval 2022/05/29 v1.15 key=value parser (DPC)
\KV@toks@=\toks17
)
Applying: [2021/05/01] Usage of raw or classic option list on input line 254.
Already applied: [0000/00/00] Usage of raw or classic option list on input line
 370.
))
(C:/MiKTeX/tex/latex/koma-script/tocbasic.sty
Package: tocbasic 2025/08/28 v3.47 KOMA-Script package (handling toc-files)
\scr@dte@tocline@numberwidth=\skip49
\scr@dte@tocline@numbox=\box55
)
Package tocbasic Info: omitting babel extension for `toc'
(tocbasic)             because of feature `nobabel' available
(tocbasic)             for `toc' on input line 143.
Class scrbook Info: File `scrsize11pt.clo' used instead of
(scrbook)           file `scrsize11.clo' to setup font sizes on input line 2709
.

(C:/MiKTeX/tex/latex/koma-script/scrsize11pt.clo
File: scrsize11pt.clo 2025/08/28 v3.47 KOMA-Script font size class option (11pt
)
luaotfload | db : Font names database loaded from C:/Users/Thunderhelix/AppData/
Local/MiKTeX/luatex-cache/generic/names/luaotfload-names.luc.gz)
(C:/MiKTeX/tex/latex/koma-script/typearea.sty
Package: typearea 2025/08/28 v3.47 KOMA-Script package (type area)
\ta@bcor=\skip50
\ta@div=\count283
\ta@hblk=\skip51
\ta@vblk=\skip52
\ta@temp=\skip53
\footheight=\skip54
Package typearea Info: These are the values describing the layout:
(typearea)             DIV  = 10
(typearea)             BCOR = 0.0pt
(typearea)             \paperwidth      = 597.50793pt
(typearea)              \textwidth      = 418.25555pt
(typearea)              DIV departure   = -6%
(typearea)              \evensidemargin = 47.2316pt
(typearea)              \oddsidemargin  = -12.5192pt
(typearea)             \paperheight     = 845.04694pt
(typearea)              \textheight     = 595.80026pt
(typearea)              \topmargin      = -25.16531pt
(typearea)              \headheight     = 17.0pt
(typearea)              \headsep        = 20.40001pt
(typearea)              \topskip        = 11.0pt
(typearea)              \footskip       = 47.6pt
(typearea)              \baselineskip   = 13.6pt
(typearea)              on input line 1806.
)
\c@part=\count284
\c@chapter=\count285
\c@section=\count286
\c@subsection=\count287
\c@subsubsection=\count288
\c@paragraph=\count289
\c@subparagraph=\count290
\scr@dte@chapter@maxnumwidth=\skip55
Class scrbook Info: using compatibility default `afterindent=bysign'
(scrbook)           for `\chapter on input line 6075.
\scr@dte@section@maxnumwidth=\skip56
Class scrbook Info: using compatibility default `runin=bysign'
(scrbook)           for `\section on input line 6086.
Class scrbook Info: using compatibility default `afterindent=bysign'
(scrbook)           for `\section on input line 6086.
\scr@dte@part@maxnumwidth=\skip57
Class scrbook Info: using compatibility default `afterindent=true'
(scrbook)           for `\part on input line 6095.
\scr@dte@subsection@maxnumwidth=\skip58
Class scrbook Info: using compatibility default `runin=bysign'
(scrbook)           for `\subsection on input line 6105.
Class scrbook Info: using compatibility default `afterindent=bysign'
(scrbook)           for `\subsection on input line 6105.
\scr@dte@subsubsection@maxnumwidth=\skip59
Class scrbook Info: using compatibility default `runin=bysign'
(scrbook)           for `\subsubsection on input line 6115.
Class scrbook Info: using compatibility default `afterindent=bysign'
(scrbook)           for `\subsubsection on input line 6115.
\scr@dte@paragraph@maxnumwidth=\skip60
Class scrbook Info: using compatibility default `runin=bysign'
(scrbook)           for `\paragraph on input line 6126.
Class scrbook Info: using compatibility default `afterindent=bysign'
(scrbook)           for `\paragraph on input line 6126.
\scr@dte@subparagraph@maxnumwidth=\skip61
Class scrbook Info: using compatibility default `runin=bysign'
(scrbook)           for `\subparagraph on input line 6136.
Class scrbook Info: using compatibility default `afterindent=bysign'
(scrbook)           for `\subparagraph on input line 6136.
\abovecaptionskip=\skip62
\belowcaptionskip=\skip63
\c@pti@nb@sid@b@x=\box56
Package tocbasic Info: omitting babel extension for `lof'
(tocbasic)             because of feature `nobabel' available
(tocbasic)             for `lof' on input line 7349.
\scr@dte@figure@maxnumwidth=\skip64
\c@figure=\count291
Package tocbasic Info: omitting babel extension for `lot'
(tocbasic)             because of feature `nobabel' available
(tocbasic)             for `lot' on input line 7362.
\scr@dte@table@maxnumwidth=\skip65
\c@table=\count292
Class scrbook Info: Redefining `\numberline' on input line 7533.
\bibindent=\dimen147
)
Lua module: newpax 2025-08-21 v0.56 newpax lua code
\paperhoffset=\skip66
\papervoffset=\skip67
\papervoffsetFirstPage=\skip68
\doihoffset=\skip69
\doivoffset=\skip70

(C:/MiKTeX/tex/latex/geometry/geometry.sty
Package: geometry 2020/01/02 v5.9 Page Geometry

(C:/MiKTeX/tex/generic/iftex/ifvtex.sty
Package: ifvtex 2019/10/25 v1.7 ifvtex legacy package. Use iftex instead.
 (C:/MiKTeX/tex/generic/iftex/iftex.sty
Package: iftex 2024/12/12 v1.0g TeX engine tests
))
\Gm@cnth=\count293
\Gm@cntv=\count294
\c@Gm@tempcnt=\count295
\Gm@bindingoffset=\dimen148
\Gm@wd@mp=\dimen149
\Gm@odd@mp=\dimen150
\Gm@even@mp=\dimen151
\Gm@layoutwidth=\dimen152
\Gm@layoutheight=\dimen153
\Gm@layouthoffset=\dimen154
\Gm@layoutvoffset=\dimen155
\Gm@dimlist=\toks18
 (C:/MiKTeX/tex/latex/geometry/geometry.cfg))
(C:/MiKTeX/tex/latex/etoolbox/etoolbox.sty
Package: etoolbox 2025/02/11 v2.5l e-TeX tools for LaTeX (JAW)
\etb@tempcnta=\count296
)
(C:/MiKTeX/tex/latex/oberdiek/twoopt.sty
Package: twoopt 2016/05/16 v1.6 Definitions with two optional arguments (HO)
) (C:/MiKTeX/tex/latex/ulem/ulem.sty
\UL@box=\box57
\UL@hyphenbox=\box58
\UL@skip=\skip71
\UL@hook=\toks19
\UL@height=\dimen156
\UL@pe=\count297
\UL@pixel=\dimen157
\ULC@box=\box59
Package: ulem 2019/11/18
\ULdepth=\dimen158
)
(C:/MiKTeX/tex/generic/babel/babel.sty
Package: babel 2025/08/03 v25.12 The multilingual framework for LuaLaTeX, pdfLa
TeX and XeLaTeX

(C:/MiKTeX/tex/generic/babel/luababel.def
\bbl@readstream=\read2
\l@afrikaans=\language2
Package babel Info: Non-standard hyphenation setup on input line 118.
\l@ancientgreek=\language3
\l@armenian=\language4
\l@assamese=\language5
\l@basque=\language6
\l@belarusian=\language7
\l@bengali=\language8
\l@bokmal=\language9
\l@bulgarian=\language10
\l@catalan=\language11
\l@churchslavonic=\language12
\l@classiclatin=\language13
\l@coptic=\language14
\l@croatian=\language15
\l@czech=\language16
\l@danish=\language17
\l@dutch=\language18
\l@esperanto=\language19
\l@estonian=\language20
\l@ethiopic=\language21
\l@finnish=\language22
\l@french=\language23
\l@friulan=\language24
\l@galician=\language25
\l@georgian=\language26
\l@german=\language27
\l@greek=\language28
\l@gujarati=\language29
\l@hindi=\language30
\l@hungarian=\language31
\l@icelandic=\language32
\l@indonesian=\language33
\l@interlingua=\language34
\l@irish=\language35
\l@italian=\language36
\l@kannada=\language37
\l@kurmanji=\language38
\l@latin=\language39
\l@latvian=\language40
\l@lithuanian=\language41
\l@liturgicallatin=\language42
\l@macedonian=\language43
\l@malayalam=\language44
\l@marathi=\language45
\l@mongolian=\language46
\l@mongolianlmc=\language47
\l@monogreek=\language48
\l@ngerman=\language49
\l@nynorsk=\language50
\l@occitan=\language51
\l@oriya=\language52
\l@pali=\language53
\l@panjabi=\language54
\l@piedmontese=\language55
\l@polish=\language56
\l@portuguese=\language57
\l@romanian=\language58
\l@romansh=\language59
\l@russian=\language60
\l@sanskrit=\language61
\l@serbian=\language62
\l@serbianc=\language63
\l@slovak=\language64
\l@slovenian=\language65
\l@spanish=\language66
\l@swedish=\language67
\l@swissgerman=\language68
\l@tamil=\language69
\l@telugu=\language70
\l@thai=\language71
\l@turkish=\language72
\l@turkmen=\language73
\l@ukenglish=\language74
\l@ukrainian=\language75
\l@uppersorbian=\language76
\l@usenglishmax=\language77
\l@welsh=\language78
\babelcatcodetablenum=\catcodetable14
\bbl@pattcodes=\catcodetable15
)
\babel@savecnt=\count298
LaTeX Encoding Info:    Redeclaring text command \ij (encoding OT1) on input li
ne 2045.
LaTeX Encoding Info:    Redeclaring text command \IJ (encoding OT1) on input li
ne 2047.
LaTeX Encoding Info:    Redeclaring text command \ij (encoding T1) on input lin
e 2049.
LaTeX Encoding Info:    Redeclaring text command \IJ (encoding T1) on input lin
e 2050.
LaTeX Encoding Info:    Ignoring declaration for text command \ij (encoding ?) 
on input line 2051.
LaTeX Encoding Info:    Ignoring declaration for text command \IJ (encoding ?) 
on input line 2053.
LaTeX Encoding Info:    Ignoring declaration for text command \SS (encoding ?) 
on input line 2078.
\U@D=\dimen159
\l@unhyphenated=\language79

(C:/MiKTeX/tex/generic/babel/luababel.def
\bbl@attr@locale=\attribute4
)
*************************************
* Local config file bblopts.cfg used
*
(C:/MiKTeX/tex/latex/arabi/bblopts.cfg
File: bblopts.cfg 2005/09/08 v0.1 add Arabic and Farsi to "declared" options of
 babel
)
(C:/MiKTeX/tex/latex/babel-english/english.ldf
Language: english 2017/06/06 v3.3r English support from the babel system

(C:/MiKTeX/tex/generic/babel/locale/en/babel-english.tex
Package babel Info: Importing font and identification data for english
(babel)             from babel-en.ini. Reported on input line 12.
)
Package babel Info: Hyphen rules for 'canadian' set to \l@english
(babel)             (\language0). Reported on input line 102.
Package babel Info: Hyphen rules for 'australian' set to \l@ukenglish
(babel)             (\language74). Reported on input line 105.
Package babel Info: Hyphen rules for 'newzealand' set to \l@ukenglish
(babel)             (\language74). Reported on input line 108.
))

Class scrbook Warning: Usage of package `fancyhdr' together
(scrbook)              with a KOMA-Script class is not recommended.
(scrbook)              I'd suggest to use 
(scrbook)              package `scrlayer' or `scrlayer-scrpage', because
(scrbook)              they support KOMA-Script classes.
(scrbook)              With `fancyhdr' several features of class `scrbook'
(scrbook)              like options `headsepline', `footsepline' or command
(scrbook)              `\MakeMarkcase' and the commands `\setkomafont' and
(scrbook)              `\addtokomafont' for the page style elements need
(scrbook)              explicite user intervention to work.
(scrbook)              Nevertheless, using requested
(scrbook)              package `fancyhdr' on input line 85.

(C:/MiKTeX/tex/latex/fancyhdr/fancyhdr.sty
Package: fancyhdr 2025/02/07 v5.2 Extensive control of page headers and footers

\f@nch@headwidth=\skip72
\f@nch@offset@elh=\skip73
\f@nch@offset@erh=\skip74
\f@nch@offset@olh=\skip75
\f@nch@offset@orh=\skip76
\f@nch@offset@elf=\skip77
\f@nch@offset@erf=\skip78
\f@nch@offset@olf=\skip79
\f@nch@offset@orf=\skip80
\f@nch@height=\skip81
\f@nch@footalignment=\skip82
\f@nch@widthL=\skip83
\f@nch@widthC=\skip84
\f@nch@widthR=\skip85
\@temptokenb=\toks20
)
(C:/MiKTeX/tex/latex/fontspec/fontspec.sty
(C:/MiKTeX/tex/latex/l3packages/xparse/xparse.sty
(C:/MiKTeX/tex/latex/l3kernel/expl3.sty
Package: expl3 2025-08-13 L3 programming layer (loader) 
)
Package: xparse 2024-08-16 L3 Experimental document command parser
)
Package: fontspec 2024/05/11 v2.9e Font selection for XeLaTeX and LuaLaTeX
Lua module: fontspec 2024/05/11 v2.9e Font selection for XeLaTeX and LuaLaTeX
(C:/MiKTeX/tex/latex/fontspec/fontspec-luatex.sty
Package: fontspec-luatex 2024/05/11 v2.9e Font selection for XeLaTeX and LuaLaT
eX
\l__fontspec_script_int=\count299
\l__fontspec_language_int=\count300
\l__fontspec_strnum_int=\count301
\l__fontspec_tmp_int=\count302
\l__fontspec_tmpa_int=\count303
\l__fontspec_tmpb_int=\count304
\l__fontspec_tmpc_int=\count305
\l__fontspec_em_int=\count306
\l__fontspec_emdef_int=\count307
\l__fontspec_strong_int=\count308
\l__fontspec_strongdef_int=\count309
\l__fontspec_tmpa_dim=\dimen160
\l__fontspec_tmpb_dim=\dimen161
\l__fontspec_tmpc_dim=\dimen162

(C:/MiKTeX/tex/latex/base/fontenc.sty
Package: fontenc 2024/12/21 v2.1c Standard LaTeX package
)
(C:/MiKTeX/tex/latex/fontspec/fontspec.cfg)))
(C:/MiKTeX/tex/latex/unicode-math/unicode-math.sty
Package: unicode-math 2023/08/13 v0.8r Unicode maths in XeLaTeX and LuaLaTeX

(C:/MiKTeX/tex/latex/unicode-math/unicode-math-luatex.sty
Package: unicode-math-luatex 2023/08/13 v0.8r Unicode maths in XeLaTeX and LuaL
aTeX

(C:/MiKTeX/tex/latex/l3packages/l3keys2e/l3keys2e.sty
Package: l3keys2e 2024-08-16 LaTeX2e option processing using LaTeX3 keys
)
(C:/MiKTeX/tex/latex/base/fix-cm.sty
Package: fix-cm 2020/11/24 v1.1t fixes to LaTeX
 (C:/MiKTeX/tex/latex/base/ts1enc.def
File: ts1enc.def 2001/06/05 v3.0e (jk/car/fm) Standard LaTeX file
LaTeX Font Info:    Redeclaring font encoding TS1 on input line 47.
LaTeX Encoding Info:    Redeclaring text command \capitalcedilla (encoding TS1)
 on input line 49.
LaTeX Encoding Info:    Redeclaring text command \capitalogonek (encoding TS1) 
on input line 52.
LaTeX Encoding Info:    Redeclaring text command \capitalgrave (encoding TS1) o
n input line 55.
LaTeX Encoding Info:    Redeclaring text command \capitalacute (encoding TS1) o
n input line 56.
LaTeX Encoding Info:    Redeclaring text command \capitalcircumflex (encoding T
S1) on input line 57.
LaTeX Encoding Info:    Redeclaring text command \capitaltilde (encoding TS1) o
n input line 58.
LaTeX Encoding Info:    Redeclaring text command \capitaldieresis (encoding TS1
) on input line 59.
LaTeX Encoding Info:    Redeclaring text command \capitalhungarumlaut (encoding
 TS1) on input line 60.
LaTeX Encoding Info:    Redeclaring text command \capitalring (encoding TS1) on
 input line 61.
LaTeX Encoding Info:    Redeclaring text command \capitalcaron (encoding TS1) o
n input line 62.
LaTeX Encoding Info:    Redeclaring text command \capitalbreve (encoding TS1) o
n input line 63.
LaTeX Encoding Info:    Redeclaring text command \capitalmacron (encoding TS1) 
on input line 64.
LaTeX Encoding Info:    Redeclaring text command \capitaldotaccent (encoding TS
1) on input line 65.
LaTeX Encoding Info:    Redeclaring text command \t (encoding TS1) on input lin
e 66.
LaTeX Encoding Info:    Redeclaring text command \capitaltie (encoding TS1) on 
input line 67.
LaTeX Encoding Info:    Redeclaring text command \newtie (encoding TS1) on inpu
t line 68.
LaTeX Encoding Info:    Redeclaring text command \capitalnewtie (encoding TS1) 
on input line 69.
LaTeX Encoding Info:    Redeclaring text symbol \textcapitalcompwordmark (encod
ing TS1) on input line 70.
LaTeX Encoding Info:    Redeclaring text symbol \textascendercompwordmark (enco
ding TS1) on input line 71.
LaTeX Encoding Info:    Redeclaring text symbol \textquotestraightbase (encodin
g TS1) on input line 72.
LaTeX Encoding Info:    Redeclaring text symbol \textquotestraightdblbase (enco
ding TS1) on input line 73.
LaTeX Encoding Info:    Redeclaring text symbol \texttwelveudash (encoding TS1)
 on input line 74.
LaTeX Encoding Info:    Redeclaring text symbol \textthreequartersemdash (encod
ing TS1) on input line 75.
LaTeX Encoding Info:    Redeclaring text symbol \textleftarrow (encoding TS1) o
n input line 76.
LaTeX Encoding Info:    Redeclaring text symbol \textrightarrow (encoding TS1) 
on input line 77.
LaTeX Encoding Info:    Redeclaring text symbol \textblank (encoding TS1) on in
put line 78.
LaTeX Encoding Info:    Redeclaring text symbol \textdollar (encoding TS1) on i
nput line 79.
LaTeX Encoding Info:    Redeclaring text symbol \textquotesingle (encoding TS1)
 on input line 80.
LaTeX Encoding Info:    Redeclaring text command \textasteriskcentered (encodin
g TS1) on input line 81.
LaTeX Encoding Info:    Redeclaring text symbol \textdblhyphen (encoding TS1) o
n input line 92.
LaTeX Encoding Info:    Redeclaring text symbol \textfractionsolidus (encoding 
TS1) on input line 93.
LaTeX Encoding Info:    Redeclaring text symbol \textzerooldstyle (encoding TS1
) on input line 94.
LaTeX Encoding Info:    Redeclaring text symbol \textoneoldstyle (encoding TS1)
 on input line 95.
LaTeX Encoding Info:    Redeclaring text symbol \texttwooldstyle (encoding TS1)
 on input line 96.
LaTeX Encoding Info:    Redeclaring text symbol \textthreeoldstyle (encoding TS
1) on input line 97.
LaTeX Encoding Info:    Redeclaring text symbol \textfouroldstyle (encoding TS1
) on input line 98.
LaTeX Encoding Info:    Redeclaring text symbol \textfiveoldstyle (encoding TS1
) on input line 99.
LaTeX Encoding Info:    Redeclaring text symbol \textsixoldstyle (encoding TS1)
 on input line 100.
LaTeX Encoding Info:    Redeclaring text symbol \textsevenoldstyle (encoding TS
1) on input line 101.
LaTeX Encoding Info:    Redeclaring text symbol \texteightoldstyle (encoding TS
1) on input line 102.
LaTeX Encoding Info:    Redeclaring text symbol \textnineoldstyle (encoding TS1
) on input line 103.
LaTeX Encoding Info:    Redeclaring text symbol \textlangle (encoding TS1) on i
nput line 104.
LaTeX Encoding Info:    Redeclaring text symbol \textminus (encoding TS1) on in
put line 105.
LaTeX Encoding Info:    Redeclaring text symbol \textrangle (encoding TS1) on i
nput line 106.
LaTeX Encoding Info:    Redeclaring text symbol \textmho (encoding TS1) on inpu
t line 107.
LaTeX Encoding Info:    Redeclaring text symbol \textbigcircle (encoding TS1) o
n input line 108.
LaTeX Encoding Info:    Redeclaring text command \textcircled (encoding TS1) on
 input line 109.
LaTeX Encoding Info:    Redeclaring text symbol \textohm (encoding TS1) on inpu
t line 115.
LaTeX Encoding Info:    Redeclaring text symbol \textlbrackdbl (encoding TS1) o
n input line 116.
LaTeX Encoding Info:    Redeclaring text symbol \textrbrackdbl (encoding TS1) o
n input line 117.
LaTeX Encoding Info:    Redeclaring text symbol \textuparrow (encoding TS1) on 
input line 118.
LaTeX Encoding Info:    Redeclaring text symbol \textdownarrow (encoding TS1) o
n input line 119.
LaTeX Encoding Info:    Redeclaring text symbol \textasciigrave (encoding TS1) 
on input line 120.
LaTeX Encoding Info:    Redeclaring text symbol \textborn (encoding TS1) on inp
ut line 121.
LaTeX Encoding Info:    Redeclaring text symbol \textdivorced (encoding TS1) on
 input line 122.
LaTeX Encoding Info:    Redeclaring text symbol \textdied (encoding TS1) on inp
ut line 123.
LaTeX Encoding Info:    Redeclaring text symbol \textleaf (encoding TS1) on inp
ut line 124.
LaTeX Encoding Info:    Redeclaring text symbol \textmarried (encoding TS1) on 
input line 125.
LaTeX Encoding Info:    Redeclaring text symbol \textmusicalnote (encoding TS1)
 on input line 126.
LaTeX Encoding Info:    Redeclaring text symbol \texttildelow (encoding TS1) on
 input line 127.
LaTeX Encoding Info:    Redeclaring text symbol \textdblhyphenchar (encoding TS
1) on input line 128.
LaTeX Encoding Info:    Redeclaring text symbol \textasciibreve (encoding TS1) 
on input line 129.
LaTeX Encoding Info:    Redeclaring text symbol \textasciicaron (encoding TS1) 
on input line 130.
LaTeX Encoding Info:    Redeclaring text symbol \textacutedbl (encoding TS1) on
 input line 131.
LaTeX Encoding Info:    Redeclaring text symbol \textgravedbl (encoding TS1) on
 input line 132.
LaTeX Encoding Info:    Redeclaring text symbol \textdagger (encoding TS1) on i
nput line 133.
LaTeX Encoding Info:    Redeclaring text symbol \textdaggerdbl (encoding TS1) o
n input line 134.
LaTeX Encoding Info:    Redeclaring text symbol \textbardbl (encoding TS1) on i
nput line 135.
LaTeX Encoding Info:    Redeclaring text symbol \textperthousand (encoding TS1)
 on input line 136.
LaTeX Encoding Info:    Redeclaring text symbol \textbullet (encoding TS1) on i
nput line 137.
LaTeX Encoding Info:    Redeclaring text symbol \textcelsius (encoding TS1) on 
input line 138.
LaTeX Encoding Info:    Redeclaring text symbol \textdollaroldstyle (encoding T
S1) on input line 139.
LaTeX Encoding Info:    Redeclaring text symbol \textcentoldstyle (encoding TS1
) on input line 140.
LaTeX Encoding Info:    Redeclaring text symbol \textflorin (encoding TS1) on i
nput line 141.
LaTeX Encoding Info:    Redeclaring text symbol \textcolonmonetary (encoding TS
1) on input line 142.
LaTeX Encoding Info:    Redeclaring text symbol \textwon (encoding TS1) on inpu
t line 143.
LaTeX Encoding Info:    Redeclaring text symbol \textnaira (encoding TS1) on in
put line 144.
LaTeX Encoding Info:    Redeclaring text symbol \textguarani (encoding TS1) on 
input line 145.
LaTeX Encoding Info:    Redeclaring text symbol \textpeso (encoding TS1) on inp
ut line 146.
LaTeX Encoding Info:    Redeclaring text symbol \textlira (encoding TS1) on inp
ut line 147.
LaTeX Encoding Info:    Redeclaring text symbol \textrecipe (encoding TS1) on i
nput line 148.
LaTeX Encoding Info:    Redeclaring text symbol \textinterrobang (encoding TS1)
 on input line 149.
LaTeX Encoding Info:    Redeclaring text symbol \textinterrobangdown (encoding 
TS1) on input line 150.
LaTeX Encoding Info:    Redeclaring text symbol \textdong (encoding TS1) on inp
ut line 151.
LaTeX Encoding Info:    Redeclaring text symbol \texttrademark (encoding TS1) o
n input line 152.
LaTeX Encoding Info:    Redeclaring text symbol \textpertenthousand (encoding T
S1) on input line 153.
LaTeX Encoding Info:    Redeclaring text symbol \textpilcrow (encoding TS1) on 
input line 154.
LaTeX Encoding Info:    Redeclaring text symbol \textbaht (encoding TS1) on inp
ut line 155.
LaTeX Encoding Info:    Redeclaring text symbol \textnumero (encoding TS1) on i
nput line 156.
LaTeX Encoding Info:    Redeclaring text symbol \textdiscount (encoding TS1) on
 input line 157.
LaTeX Encoding Info:    Redeclaring text symbol \textestimated (encoding TS1) o
n input line 158.
LaTeX Encoding Info:    Redeclaring text symbol \textopenbullet (encoding TS1) 
on input line 159.
LaTeX Encoding Info:    Redeclaring text symbol \textservicemark (encoding TS1)
 on input line 160.
LaTeX Encoding Info:    Redeclaring text symbol \textlquill (encoding TS1) on i
nput line 161.
LaTeX Encoding Info:    Redeclaring text symbol \textrquill (encoding TS1) on i
nput line 162.
LaTeX Encoding Info:    Redeclaring text symbol \textcent (encoding TS1) on inp
ut line 163.
LaTeX Encoding Info:    Redeclaring text symbol \textsterling (encoding TS1) on
 input line 164.
LaTeX Encoding Info:    Redeclaring text symbol \textcurrency (encoding TS1) on
 input line 165.
LaTeX Encoding Info:    Redeclaring text symbol \textyen (encoding TS1) on inpu
t line 166.
LaTeX Encoding Info:    Redeclaring text symbol \textbrokenbar (encoding TS1) o
n input line 167.
LaTeX Encoding Info:    Redeclaring text symbol \textsection (encoding TS1) on 
input line 168.
LaTeX Encoding Info:    Redeclaring text symbol \textasciidieresis (encoding TS
1) on input line 169.
LaTeX Encoding Info:    Redeclaring text symbol \textcopyright (encoding TS1) o
n input line 170.
LaTeX Encoding Info:    Redeclaring text symbol \textordfeminine (encoding TS1)
 on input line 171.
LaTeX Encoding Info:    Redeclaring text symbol \textcopyleft (encoding TS1) on
 input line 172.
LaTeX Encoding Info:    Redeclaring text symbol \textlnot (encoding TS1) on inp
ut line 173.
LaTeX Encoding Info:    Redeclaring text symbol \textcircledP (encoding TS1) on
 input line 174.
LaTeX Encoding Info:    Redeclaring text symbol \textregistered (encoding TS1) 
on input line 175.
LaTeX Encoding Info:    Redeclaring text symbol \textasciimacron (encoding TS1)
 on input line 176.
LaTeX Encoding Info:    Redeclaring text symbol \textdegree (encoding TS1) on i
nput line 177.
LaTeX Encoding Info:    Redeclaring text symbol \textpm (encoding TS1) on input
 line 178.
LaTeX Encoding Info:    Redeclaring text symbol \texttwosuperior (encoding TS1)
 on input line 179.
LaTeX Encoding Info:    Redeclaring text symbol \textthreesuperior (encoding TS
1) on input line 180.
LaTeX Encoding Info:    Redeclaring text symbol \textasciiacute (encoding TS1) 
on input line 181.
LaTeX Encoding Info:    Redeclaring text symbol \textmu (encoding TS1) on input
 line 182.
LaTeX Encoding Info:    Redeclaring text symbol \textparagraph (encoding TS1) o
n input line 183.
LaTeX Encoding Info:    Redeclaring text symbol \textperiodcentered (encoding T
S1) on input line 184.
LaTeX Encoding Info:    Redeclaring text symbol \textreferencemark (encoding TS
1) on input line 185.
LaTeX Encoding Info:    Redeclaring text symbol \textonesuperior (encoding TS1)
 on input line 186.
LaTeX Encoding Info:    Redeclaring text symbol \textordmasculine (encoding TS1
) on input line 187.
LaTeX Encoding Info:    Redeclaring text symbol \textsurd (encoding TS1) on inp
ut line 188.
LaTeX Encoding Info:    Redeclaring text symbol \textonequarter (encoding TS1) 
on input line 189.
LaTeX Encoding Info:    Redeclaring text symbol \textonehalf (encoding TS1) on 
input line 190.
LaTeX Encoding Info:    Redeclaring text symbol \textthreequarters (encoding TS
1) on input line 191.
LaTeX Encoding Info:    Redeclaring text symbol \texteuro (encoding TS1) on inp
ut line 192.
LaTeX Encoding Info:    Redeclaring text symbol \texttimes (encoding TS1) on in
put line 193.
LaTeX Encoding Info:    Redeclaring text symbol \textdiv (encoding TS1) on inpu
t line 194.
))
(C:/MiKTeX/tex/latex/amsmath/amsmath.sty
Package: amsmath 2025/06/16 v2.17y AMS math features
\@mathmargin=\skip86

For additional information on amsmath, use the `?' option.
(C:/MiKTeX/tex/latex/amsmath/amstext.sty
Package: amstext 2024/11/17 v2.01 AMS text

(C:/MiKTeX/tex/latex/amsmath/amsgen.sty
File: amsgen.sty 1999/11/30 v2.0 generic functions
\@emptytoks=\toks21
\ex@=\dimen163
))
(C:/MiKTeX/tex/latex/amsmath/amsbsy.sty
Package: amsbsy 1999/11/29 v1.2d Bold Symbols
\pmbraise@=\dimen164
)
(C:/MiKTeX/tex/latex/amsmath/amsopn.sty
Package: amsopn 2022/04/08 v2.04 operator names
)
\inf@bad=\count310
LaTeX Info: Redefining \frac on input line 235.
\uproot@=\count311
\leftroot@=\count312
LaTeX Info: Redefining \overline on input line 398.
LaTeX Info: Redefining \colon on input line 409.
\classnum@=\count313
\DOTSCASE@=\count314
LaTeX Info: Redefining \ldots on input line 495.
LaTeX Info: Redefining \dots on input line 498.
LaTeX Info: Redefining \cdots on input line 619.
\Mathstrutbox@=\box60
\strutbox@=\box61
LaTeX Info: Redefining \big on input line 721.
LaTeX Info: Redefining \Big on input line 722.
LaTeX Info: Redefining \bigg on input line 723.
LaTeX Info: Redefining \Bigg on input line 724.
\big@size=\dimen165
LaTeX Font Info:    Redeclaring font encoding OML on input line 742.
LaTeX Font Info:    Redeclaring font encoding OMS on input line 743.
\macc@depth=\count315
LaTeX Info: Redefining \bmod on input line 904.
LaTeX Info: Redefining \pmod on input line 909.
LaTeX Info: Redefining \smash on input line 939.
LaTeX Info: Redefining \relbar on input line 969.
LaTeX Info: Redefining \Relbar on input line 970.
\c@MaxMatrixCols=\count316
\dotsspace@=\muskip17
\c@parentequation=\count317
\dspbrk@lvl=\count318
\tag@help=\toks22
\row@=\count319
\column@=\count320
\maxfields@=\count321
\andhelp@=\toks23
\eqnshift@=\dimen166
\alignsep@=\dimen167
\tagshift@=\dimen168
\tagwidth@=\dimen169
\totwidth@=\dimen170
\lineht@=\dimen171
\@envbody=\toks24
\multlinegap=\skip87
\multlinetaggap=\skip88
\mathdisplay@stack=\toks25
LaTeX Info: Redefining \[ on input line 2949.
LaTeX Info: Redefining \] on input line 2950.
)
(C:/MiKTeX/tex/lualatex/lualatex-math/lualatex-math.sty
Package: lualatex-math 2022/01/01 v1.12 Patches for mathematics typesetting wit
h LuaLaTeX
Lua module: lualatex-math 2013/08/03 v1.3 Patches for mathematics typesetting wi
th LuaLaTeX)
\g__um_fam_int=\count322
\g__um_fonts_used_int=\count323
\l__um_primecount_int=\count324
\g__um_primekern_muskip=\muskip18

(C:/MiKTeX/tex/latex/unicode-math/unicode-math-table.tex)))

Package fontspec Info: 
(fontspec)             Font family 'texgyretermes(0)' created for font
(fontspec)             'texgyretermes' with options [Ligatures=TeX,Extension =
(fontspec)             .otf,UprightFont = *-regular,BoldFont =
(fontspec)             *-bold,ItalicFont = *-italic,BoldItalicFont =
(fontspec)             *-bolditalic,Ligatures=TeX].
(fontspec)              
(fontspec)              This font family consists of the following NFSS
(fontspec)             series/shapes:
(fontspec)              
(fontspec)             - 'normal' (m/n) with NFSS spec.:
(fontspec)             <->"[texgyretermes-regular.otf]:mode=node;script=latn;la
nguage=dflt;+tlig;"
(fontspec)             - 'small caps'  (m/sc) with NFSS spec.:
(fontspec)             <->"[texgyretermes-regular.otf]:mode=node;script=latn;la
nguage=dflt;+tlig;+smcp;"
(fontspec)             - 'bold' (b/n) with NFSS spec.:
(fontspec)             <->"[texgyretermes-bold.otf]:mode=node;script=latn;langu
age=dflt;+tlig;"
(fontspec)             - 'bold small caps'  (b/sc) with NFSS spec.:
(fontspec)             <->"[texgyretermes-bold.otf]:mode=node;script=latn;langu
age=dflt;+tlig;+smcp;"
(fontspec)             - 'italic' (m/it) with NFSS spec.:
(fontspec)             <->"[texgyretermes-italic.otf]:mode=node;script=latn;lan
guage=dflt;+tlig;"
(fontspec)             - 'italic small caps'  (m/scit) with NFSS spec.:
(fontspec)             <->"[texgyretermes-italic.otf]:mode=node;script=latn;lan
guage=dflt;+tlig;+smcp;"
(fontspec)             - 'bold italic' (b/it) with NFSS spec.:
(fontspec)             <->"[texgyretermes-bolditalic.otf]:mode=node;script=latn
;language=dflt;+tlig;"
(fontspec)             - 'bold italic small caps'  (b/scit) with NFSS spec.:
(fontspec)             <->"[texgyretermes-bolditalic.otf]:mode=node;script=latn
;language=dflt;+tlig;+smcp;"


Package fontspec Info: 
(fontspec)             Font family 'texgyretermes(1)' created for font
(fontspec)             'texgyretermes' with options [Renderer=Basic,Extension
(fontspec)             = .otf,UprightFont = *-regular,BoldFont =
(fontspec)             *-bold,ItalicFont = *-italic,BoldItalicFont =
(fontspec)             *-bolditalic,Ligatures=TeX].
(fontspec)              
(fontspec)              This font family consists of the following NFSS
(fontspec)             series/shapes:
(fontspec)              
(fontspec)             - 'normal' (m/n) with NFSS spec.:
(fontspec)             <->"[texgyretermes-regular.otf]:mode=base;script=latn;la
nguage=dflt;+tlig;"
(fontspec)             - 'small caps'  (m/sc) with NFSS spec.:
(fontspec)             <->"[texgyretermes-regular.otf]:mode=base;script=latn;la
nguage=dflt;+tlig;+smcp;"
(fontspec)             - 'bold' (b/n) with NFSS spec.:
(fontspec)             <->"[texgyretermes-bold.otf]:mode=base;script=latn;langu
age=dflt;+tlig;"
(fontspec)             - 'bold small caps'  (b/sc) with NFSS spec.:
(fontspec)             <->"[texgyretermes-bold.otf]:mode=base;script=latn;langu
age=dflt;+tlig;+smcp;"
(fontspec)             - 'italic' (m/it) with NFSS spec.:
(fontspec)             <->"[texgyretermes-italic.otf]:mode=base;script=latn;lan
guage=dflt;+tlig;"
(fontspec)             - 'italic small caps'  (m/scit) with NFSS spec.:
(fontspec)             <->"[texgyretermes-italic.otf]:mode=base;script=latn;lan
guage=dflt;+tlig;+smcp;"
(fontspec)             - 'bold italic' (b/it) with NFSS spec.:
(fontspec)             <->"[texgyretermes-bolditalic.otf]:mode=base;script=latn
;language=dflt;+tlig;"
(fontspec)             - 'bold italic small caps'  (b/scit) with NFSS spec.:
(fontspec)             <->"[texgyretermes-bolditalic.otf]:mode=base;script=latn
;language=dflt;+tlig;+smcp;"

LaTeX Font Info:    Overwriting math alphabet `\mathrm' in version `normal'
(Font)                  OT1/cmr/m/n --> TU/texgyretermes(1)/m/n on input line 1
55.
LaTeX Font Info:    Overwriting math alphabet `\mathit' in version `normal'
(Font)                  OT1/cmr/m/it --> TU/texgyretermes(1)/m/it on input line
 155.
LaTeX Font Info:    Overwriting math alphabet `\mathbf' in version `normal'
(Font)                  OT1/cmr/bx/n --> TU/texgyretermes(1)/b/n on input line 
155.
luaotfload | cache : Lookup cache loaded from C:/Users/Thunderhelix/AppData/Loca
l/MiKTeX/luatex-cache/generic/names/luaotfload-lookup-cache.luc.

Package fontspec Info: 
(fontspec)             TeX Gyre Heros Regular scale = .9.


Package fontspec Info: 
(fontspec)             Could not resolve font "TeX Gyre Heros Regular/BI" (it
(fontspec)             probably doesn't exist).


Package fontspec Info: 
(fontspec)             Could not resolve font "TeX Gyre Heros Regular/B" (it
(fontspec)             probably doesn't exist).


Package fontspec Info: 
(fontspec)             Could not resolve font "TeX Gyre Heros Regular/I" (it
(fontspec)             probably doesn't exist).


Package fontspec Info: 
(fontspec)             TeX Gyre Heros Regular scale = .9.


Package fontspec Info: 
(fontspec)             TeX Gyre Heros Regular scale = .9.


Package fontspec Info: 
(fontspec)             Font family 'TeXGyreHerosRegular(0)' created for font
(fontspec)             'TeX Gyre Heros Regular' with options
(fontspec)             [Ligatures=TeX,Scale=.9].
(fontspec)              
(fontspec)              This font family consists of the following NFSS
(fontspec)             series/shapes:
(fontspec)              
(fontspec)             - 'normal' (m/n) with NFSS spec.: <->s*[.9]"name:TeX
(fontspec)             Gyre Heros
(fontspec)             Regular:mode=node;script=latn;language=dflt;+tlig;"
(fontspec)             - 'small caps'  (m/sc) with NFSS spec.:
(fontspec)             <->s*[.9]"name:TeX Gyre Heros
(fontspec)             Regular:mode=node;script=latn;language=dflt;+tlig;+smcp;
"


Package fontspec Info: 
(fontspec)             TeX Gyre Heros Regular scale = .9.


Package fontspec Info: 
(fontspec)             Could not resolve font "TeX Gyre Heros Regular/BI" (it
(fontspec)             probably doesn't exist).


Package fontspec Info: 
(fontspec)             Could not resolve font "TeX Gyre Heros Regular/B" (it
(fontspec)             probably doesn't exist).


Package fontspec Info: 
(fontspec)             Could not resolve font "TeX Gyre Heros Regular/I" (it
(fontspec)             probably doesn't exist).


Package fontspec Info: 
(fontspec)             TeX Gyre Heros Regular scale = .9.


Package fontspec Info: 
(fontspec)             TeX Gyre Heros Regular scale = .9.


Package fontspec Info: 
(fontspec)             Font family 'TeXGyreHerosRegular(1)' created for font
(fontspec)             'TeX Gyre Heros Regular' with options
(fontspec)             [Renderer=Basic,Scale=.9].
(fontspec)              
(fontspec)              This font family consists of the following NFSS
(fontspec)             series/shapes:
(fontspec)              
(fontspec)             - 'normal' (m/n) with NFSS spec.: <->s*[.9]"name:TeX
(fontspec)             Gyre Heros
(fontspec)             Regular:mode=base;script=latn;language=dflt;"
(fontspec)             - 'small caps'  (m/sc) with NFSS spec.:
(fontspec)             <->s*[.9]"name:TeX Gyre Heros
(fontspec)             Regular:mode=base;script=latn;language=dflt;+smcp;"

LaTeX Font Info:    Overwriting math alphabet `\mathsf' in version `normal'
(Font)                  OT1/cmss/m/n --> TU/TeXGyreHerosRegular(1)/m/n on input
 line 158.
LaTeX Font Info:    Overwriting math alphabet `\mathsf' in version `bold'
(Font)                  OT1/cmss/bx/n --> TU/TeXGyreHerosRegular(1)/b/n on inpu
t line 158.

(C:/MiKTeX/tex/latex/microtype/microtype.sty
Package: microtype 2025/07/09 v3.2b Micro-typographical refinements (RS)
\MT@toks=\toks26
\MT@tempbox=\box62
\MT@count=\count325
LaTeX Info: Redefining \noprotrusionifhmode on input line 1087.
LaTeX Info: Redefining \leftprotrusion on input line 1088.
\MT@prot@toks=\toks27
LaTeX Info: Redefining \rightprotrusion on input line 1107.
LaTeX Info: Redefining \textls on input line 1449.
\MT@outer@kern=\dimen172
LaTeX Info: Redefining \microtypecontext on input line 2053.
LaTeX Info: Redefining \textmicrotypecontext on input line 2070.
\MT@listname@count=\count326

(C:/MiKTeX/tex/latex/microtype/microtype-luatex.def
File: microtype-luatex.def 2025/07/09 v3.2b Definitions specific to luatex (RS)

Lua module: microtype 2025/07/09 v3.2b microtype module.
Module microtype Info: overwriting function `keepligature' on input line 63
LaTeX Info: Redefining \lsstyle on input line 779.
LaTeX Info: Redefining \lslig on input line 779.
\MT@outer@space=\skip89
)
Package microtype Info: Loading configuration file microtype.cfg.

(C:/MiKTeX/tex/latex/microtype/microtype.cfg
File: microtype.cfg 2025/07/09 v3.2b microtype main configuration file (RS)
)
LaTeX Info: Redefining \microtypesetup on input line 3065.
)
(C:/MiKTeX/tex/lualatex/selnolig/selnolig.sty
=== Package selnolig, Version 0.302, Date 2015/10/26 ===
Package: selnolig 2015/10/26
(C:/MiKTeX/tex/generic/iftex/ifluatex.sty
Package: ifluatex 2019/10/25 v1.5 ifluatex legacy package. Use iftex instead.
)
(C:/MiKTeX/tex/luatex/luatexbase/luatexbase.sty
Package: luatexbase 2015/10/04 v1.3 luatexbase interface to LuaTeX 

(C:/MiKTeX/tex/luatex/ctablestack/ctablestack.sty
Package: ctablestack 2015/10/01 v1.0 Catcode table stable support
\@catcodetablestackcnt=\count327
)
\CatcodeTableOther=\catcodetable16
\CatcodeTableExpl=\catcodetable17
)
Inserting `Suppress ligatures selectively' in `ligaturing'.)
(C:/MiKTeX/tex/latex/graphics/graphicx.sty
Package: graphicx 2024/12/31 v1.2e Enhanced LaTeX Graphics (DPC,SPQR)

(C:/MiKTeX/tex/latex/graphics/graphics.sty
Package: graphics 2024/08/06 v1.4g Standard LaTeX Graphics (DPC,SPQR)

(C:/MiKTeX/tex/latex/graphics/trig.sty
Package: trig 2023/12/02 v1.11 sin cos tan (DPC)
)
(C:/MiKTeX/tex/latex/graphics-cfg/graphics.cfg
File: graphics.cfg 2016/06/04 v1.11 sample graphics configuration
)
Package graphics Info: Driver file: luatex.def on input line 106.

(C:/MiKTeX/tex/latex/graphics-def/luatex.def
File: luatex.def 2024/04/13 v1.2e Graphics/color driver for luatex
))
\Gin@req@height=\dimen173
\Gin@req@width=\dimen174
)
(C:/MiKTeX/tex/latex/eso-pic/eso-pic.sty
Package: eso-pic 2023/05/03 v3.0c eso-pic (RN)
\ESO@tempdima=\dimen175
\ESO@tempdimb=\dimen176
 (C:/MiKTeX/tex/latex/xcolor/xcolor.sty
Package: xcolor 2024/09/29 v3.02 LaTeX color extensions (UK)
(C:/MiKTeX/tex/latex/graphics-cfg/color.cfg
File: color.cfg 2016/01/02 v1.6 sample color configuration
)
Package xcolor Info: Driver file: luatex.def on input line 274.

(C:/MiKTeX/tex/latex/graphics/mathcolor.ltx)
Package xcolor Info: Model `cmy' substituted by `cmy0' on input line 1349.
Package xcolor Info: Model `hsb' substituted by `rgb' on input line 1353.
Package xcolor Info: Model `RGB' extended on input line 1365.
Package xcolor Info: Model `HTML' substituted by `rgb' on input line 1367.
Package xcolor Info: Model `Hsb' substituted by `hsb' on input line 1368.
Package xcolor Info: Model `tHsb' substituted by `hsb' on input line 1369.
Package xcolor Info: Model `HSB' substituted by `hsb' on input line 1370.
Package xcolor Info: Model `Gray' substituted by `gray' on input line 1371.
Package xcolor Info: Model `wave' substituted by `hsb' on input line 1372.
)
(C:/MiKTeX/tex/latex/pdfmanagement-testphase/xcolor-patches-tmp-ltx.sty
Package: xcolor-patches-tmp-ltx 2025-08-05 v0.96v patch xcolor for l3color
))
(C:/MiKTeX/tex/latex/newpax/newpax.sty
Package: newpax 2025-08-21 v0.56 Annotation support for PDF graphics based on p
ax.sty adapted by (UF)
\l__newpax_tmpa_box=\box63
)
(C:/MiKTeX/tex/latex/csquotes/csquotes.sty
Package: csquotes 2024-04-04 v5.2o context-sensitive quotations (JAW)
\csq@reset=\count328
\csq@gtype=\count329
\csq@glevel=\count330
\csq@qlevel=\count331
\csq@maxlvl=\count332
\csq@tshold=\count333
\csq@ltx@everypar=\toks28

(C:/MiKTeX/tex/latex/csquotes/csquotes.def
File: csquotes.def 2024-04-04 v5.2o csquotes generic definitions (JAW)
)
Package csquotes Info: Trying to load configuration file 'csquotes.cfg'...
Package csquotes Info: ... configuration file loaded successfully.

(C:/MiKTeX/tex/latex/csquotes/csquotes.cfg
File: csquotes.cfg 
))
(C:/MiKTeX/tex/latex/newfile/newfile.sty
Package: newfile 2009/09/03 v1.0c Output and input files

(C:/MiKTeX/tex/latex/tools/verbatim.sty
Package: verbatim 2024-01-22 v1.5x LaTeX2e package for verbatim enhancements
\every@verbatim=\toks29
\verbatim@line=\toks30
\verbatim@in@stream=\read3
)
\c@streamvline=\count334
)
(C:/MiKTeX/tex/latex/biblatex/biblatex.sty
Package: biblatex 2025/07/10 v3.21 programmable bibliographies (PK/MW)

(C:/MiKTeX/tex/generic/pdftexcmds/pdftexcmds.sty
Package: pdftexcmds 2020-06-27 v0.33 Utility functions of pdfTeX for LuaTeX (HO
)

(C:/MiKTeX/tex/generic/infwarerr/infwarerr.sty
Package: infwarerr 2019/12/03 v1.5 Providing info/warning/error messages (HO)
)
(C:/MiKTeX/tex/generic/ltxcmds/ltxcmds.sty
Package: ltxcmds 2023-12-04 v1.26 LaTeX kernel commands for general use (HO)
)
Package pdftexcmds Info: \pdf@primitive is available.
Package pdftexcmds Info: \pdf@ifprimitive is available.
Package pdftexcmds Info: \pdfdraftmode found.
\pdftexcmds@toks=\toks31
)
(C:/MiKTeX/tex/latex/kvoptions/kvoptions.sty
Package: kvoptions 2022-06-15 v3.15 Key value format for package options (HO)

(C:/MiKTeX/tex/latex/kvsetkeys/kvsetkeys.sty
Package: kvsetkeys 2022-10-05 v1.19 Key value parser (HO)
))
(C:/MiKTeX/tex/latex/logreq/logreq.sty
Package: logreq 2010/08/04 v1.0 xml request logger
\lrq@indent=\count335
 (C:/MiKTeX/tex/latex/logreq/logreq.def
File: logreq.def 2010/08/04 v1.0 logreq spec v1.0
)) (C:/MiKTeX/tex/latex/base/ifthen.sty
Package: ifthen 2024/03/16 v1.1e Standard LaTeX ifthen package (DPC)
) (C:/MiKTeX/tex/latex/url/url.sty
\Urlmuskip=\muskip19
Package: url 2013/09/16  ver 3.4  Verb mode for urls, etc.
)
\c@tabx@nest=\count336
\c@listtotal=\count337
\c@listcount=\count338
\c@liststart=\count339
\c@liststop=\count340
\c@citecount=\count341
\c@citetotal=\count342
\c@multicitecount=\count343
\c@multicitetotal=\count344
\c@instcount=\count345
\c@maxnames=\count346
\c@minnames=\count347
\c@maxitems=\count348
\c@minitems=\count349
\c@citecounter=\count350
\c@maxcitecounter=\count351
\c@savedcitecounter=\count352
\c@uniquelist=\count353
\c@uniquename=\count354
\c@refsection=\count355
\c@refsegment=\count356
\c@maxextratitle=\count357
\c@maxextratitleyear=\count358
\c@maxextraname=\count359
\c@maxextradate=\count360
\c@maxextraalpha=\count361
\c@abbrvpenalty=\count362
\c@highnamepenalty=\count363
\c@lownamepenalty=\count364
\c@maxparens=\count365
\c@parenlevel=\count366
\blx@tempcnta=\count367
\blx@tempcntb=\count368
\blx@tempcntc=\count369
\c@blx@maxsection=\count370
\blx@maxsegment@0=\count371
\blx@notetype=\count372
\blx@parenlevel@text=\count373
\blx@parenlevel@foot=\count374
\blx@sectionciteorder@0=\count375
\blx@sectionciteorderinternal@0=\count376
\blx@entrysetcounter=\count377
\blx@biblioinstance=\count378
\labelnumberwidth=\skip90
\labelalphawidth=\skip91
\biblabelsep=\skip92
\bibitemsep=\skip93
\bibnamesep=\skip94
\bibinitsep=\skip95
\bibparsep=\skip96
\bibhang=\skip97
\blx@bcfin=\read4
\blx@bcfout=\write3
\blx@langwohyphens=\language80
\c@mincomprange=\count379
\c@maxcomprange=\count380
\c@mincompwidth=\count381
Package biblatex Info: Trying to load biblatex default data model...
Package biblatex Info: ... file 'blx-dm.def' found.

(C:/MiKTeX/tex/latex/biblatex/blx-dm.def
File: blx-dm.def 2025/07/10 v3.21 biblatex datamodel (PK/MW)
)
Package biblatex Info: Trying to load biblatex style data model...
Package biblatex Info: ... file 'authoryear.dbx' not found.
Package biblatex Info: Trying to load biblatex custom data model...
Package biblatex Info: ... file 'biblatex-dm.cfg' not found.
\c@afterword=\count382
\c@savedafterword=\count383
\c@annotator=\count384
\c@savedannotator=\count385
\c@author=\count386
\c@savedauthor=\count387
\c@bookauthor=\count388
\c@savedbookauthor=\count389
\c@commentator=\count390
\c@savedcommentator=\count391
\c@editor=\count392
\c@savededitor=\count393
\c@editora=\count394
\c@savededitora=\count395
\c@editorb=\count396
\c@savededitorb=\count397
\c@editorc=\count398
\c@savededitorc=\count399
\c@foreword=\count400
\c@savedforeword=\count401
\c@holder=\count402
\c@savedholder=\count403
\c@introduction=\count404
\c@savedintroduction=\count405
\c@namea=\count406
\c@savednamea=\count407
\c@nameb=\count408
\c@savednameb=\count409
\c@namec=\count410
\c@savednamec=\count411
\c@translator=\count412
\c@savedtranslator=\count413
\c@shortauthor=\count414
\c@savedshortauthor=\count415
\c@shorteditor=\count416
\c@savedshorteditor=\count417
\c@labelname=\count418
\c@savedlabelname=\count419
\c@institution=\count420
\c@savedinstitution=\count421
\c@lista=\count422
\c@savedlista=\count423
\c@listb=\count424
\c@savedlistb=\count425
\c@listc=\count426
\c@savedlistc=\count427
\c@listd=\count428
\c@savedlistd=\count429
\c@liste=\count430
\c@savedliste=\count431
\c@listf=\count432
\c@savedlistf=\count433
\c@location=\count434
\c@savedlocation=\count435
\c@organization=\count436
\c@savedorganization=\count437
\c@origlocation=\count438
\c@savedoriglocation=\count439
\c@origpublisher=\count440
\c@savedorigpublisher=\count441
\c@publisher=\count442
\c@savedpublisher=\count443
\c@language=\count444
\c@savedlanguage=\count445
\c@origlanguage=\count446
\c@savedoriglanguage=\count447
\c@pageref=\count448
\c@savedpageref=\count449
\shorthandwidth=\skip98
\shortjournalwidth=\skip99
\shortserieswidth=\skip100
\shorttitlewidth=\skip101
\shortauthorwidth=\skip102
\shorteditorwidth=\skip103
\locallabelnumberwidth=\skip104
\locallabelalphawidth=\skip105
\localshorthandwidth=\skip106
\localshortjournalwidth=\skip107
\localshortserieswidth=\skip108
\localshorttitlewidth=\skip109
\localshortauthorwidth=\skip110
\localshorteditorwidth=\skip111
Package biblatex Info: Trying to load enhanced support for Unicode engines...
Package biblatex Info: ... file 'blx-unicode.def' found.

(C:/MiKTeX/tex/latex/biblatex/blx-unicode.def)
Package biblatex Info: Trying to load compatibility code...
Package biblatex Info: ... file 'blx-compat.def' found.

(C:/MiKTeX/tex/latex/biblatex/blx-compat.def
File: blx-compat.def 2025/07/10 v3.21 biblatex compatibility (PK/MW)
)
Package biblatex Info: Trying to load generic definitions...
Package biblatex Info: ... file 'biblatex.def' found.

(C:/MiKTeX/tex/latex/biblatex/biblatex.def
File: biblatex.def 2025/07/10 v3.21 biblatex compatibility (PK/MW)
\c@textcitecount=\count450
\c@textcitetotal=\count451
\c@textcitemaxnames=\count452
\c@biburlbigbreakpenalty=\count453
\c@biburlbreakpenalty=\count454
\c@biburlnumpenalty=\count455
\c@biburlucpenalty=\count456
\c@biburllcpenalty=\count457
\biburlbigskip=\muskip20
\biburlnumskip=\muskip21
\biburlucskip=\muskip22
\biburllcskip=\muskip23
\c@smartand=\count458
)
Package biblatex Info: Trying to load bibliography style 'authoryear'...
Package biblatex Info: ... file 'authoryear.bbx' found.

(C:/MiKTeX/tex/latex/biblatex/bbx/authoryear.bbx
File: authoryear.bbx 2025/07/10 v3.21 biblatex bibliography style (PK/MW)
Package biblatex Info: Trying to load bibliography style 'standard'...
Package biblatex Info: ... file 'standard.bbx' found.

(C:/MiKTeX/tex/latex/biblatex/bbx/standard.bbx
File: standard.bbx 2025/07/10 v3.21 biblatex bibliography style (PK/MW)
\c@bbx:relatedcount=\count459
\c@bbx:relatedtotal=\count460
))
Package biblatex Info: Trying to load citation style 'authoryear'...
Package biblatex Info: ... file 'authoryear.cbx' found.

(C:/MiKTeX/tex/latex/biblatex/cbx/authoryear.cbx
File: authoryear.cbx 2025/07/10 v3.21 biblatex citation style (PK/MW)
Package biblatex Info: Redefining '\cite'.
Package biblatex Info: Redefining '\parencite'.
Package biblatex Info: Redefining '\footcite'.
Package biblatex Info: Redefining '\footcitetext'.
Package biblatex Info: Redefining '\smartcite'.
Package biblatex Info: Redefining '\textcite'.
Package biblatex Info: Redefining '\textcites'.
)
Package biblatex Info: Trying to load configuration file...
Package biblatex Info: ... file 'biblatex.cfg' found.

(C:/MiKTeX/tex/latex/biblatex/biblatex.cfg
File: biblatex.cfg 
)
Package biblatex Info: LuaTeX detected.
(biblatex)             Assuming input encoding 'utf8'.
Package biblatex Info: Document encoding is UTF8 ....
Package biblatex Info: ... and expl3
(biblatex)             2025-08-13 L3 programming layer (loader) 
(biblatex)             is new enough (at least 2020/04/06),
(biblatex)             setting 'casechanger=expl3'.

(C:/MiKTeX/tex/latex/biblatex/blx-case-expl3.sty
Package: blx-case-expl3 2025/07/10 v3.21 expl3 case changing code for biblatex
))
\proceedingsbiboutstre@m=\write4

\openout4 = proceedings.bib
\proceedingscsvoutstre@m=\write5

\openout5 = proceedings.csv

(C:/MiKTeX/tex/latex/base/makeidx.sty
Package: makeidx 2021/10/04 v1.0m Standard LaTeX package
)
\@indexfile=\write6

\openout6 = proceedings.idx

Writing index file proceedings.idx
(C:/MiKTeX/tex/latex/idxlayout/idxlayout.sty
Package: idxlayout 2012/03/30 v0.4d Configurable index layout

(C:/MiKTeX/tex/latex/tools/multicol.sty
Package: multicol 2025/05/25 v2.0a multicolumn formatting (FMi)
\c@tracingmulticols=\count461
\mult@box=\box64
\multicol@leftmargin=\dimen177
\c@unbalance=\count462
\c@collectmore=\count463
\doublecol@number=\count464
\multicoltolerance=\count465
\multicolpretolerance=\count466
\full@width=\dimen178
\page@free=\dimen179
\premulticols=\dimen180
\postmulticols=\dimen181
\multicolsep=\skip112
\multicolbaselineskip=\skip113
\partial@page=\box65
\last@line=\box66
\mc@boxedresult=\box67
\maxbalancingoverflow=\dimen182
\mult@rightbox=\box68
\mult@grightbox=\box69
\mult@firstbox=\box70
\mult@gfirstbox=\box71
\@tempa=\box72
\@tempa=\box73
\@tempa=\box74
\@tempa=\box75
\@tempa=\box76
\@tempa=\box77
\@tempa=\box78
\@tempa=\box79
\@tempa=\box80
\@tempa=\box81
\@tempa=\box82
\@tempa=\box83
\@tempa=\box84
\@tempa=\box85
\@tempa=\box86
\@tempa=\box87
\@tempa=\box88
\@tempa=\box89
\@tempa=\box90
\@tempa=\box91
\@tempa=\box92
\@tempa=\box93
\@tempa=\box94
\@tempa=\box95
\@tempa=\box96
\@tempa=\box97
\@tempa=\box98
\@tempa=\box99
\@tempa=\box100
\@tempa=\box101
\@tempa=\box102
\@tempa=\box103
\@tempa=\box104
\@tempa=\box105
\@tempa=\box106
\@tempa=\box107
\c@minrows=\count467
\c@columnbadness=\count468
\c@finalcolumnbadness=\count469
\last@try=\dimen183
\multicolovershoot=\dimen184
\multicolundershoot=\dimen185
\mult@nat@firstbox=\box108
\colbreak@box=\box109
\mc@col@check@num=\count470
\g__mc_curr_col_int=\count471
)
\c@idxcols=\count472
\indexcolsep=\skip114
\indexrule=\skip115
\ila@indentunit=\skip116
\ila@initsep=\skip117
)
(C:/MiKTeX/tex/latex/hyphenat/hyphenat.sty
Package: hyphenat 2009/09/02 v2.3c hyphenation utilities
\langwohyphens=\language81
LaTeX Info: Redefining \_ on input line 43.
)
(C:/MiKTeX/tex/latex/hyperref/hyperref.sty
Package: hyperref 2025-07-12 v7.01o Hypertext links for LaTeX

(C:/MiKTeX/tex/generic/kvdefinekeys/kvdefinekeys.sty
Package: kvdefinekeys 2019-12-19 v1.6 Define keys (HO)
)
(C:/MiKTeX/tex/generic/pdfescape/pdfescape.sty
Package: pdfescape 2019/12/09 v1.15 Implements pdfTeX's escape features (HO)
)
(C:/MiKTeX/tex/latex/hycolor/hycolor.sty
Package: hycolor 2020-01-27 v1.10 Color options for hyperref/bookmark (HO)
)
(C:/MiKTeX/tex/latex/hyperref/nameref.sty
Package: nameref 2025-06-21 v2.57 Cross-referencing by name of section

(C:/MiKTeX/tex/latex/refcount/refcount.sty
Package: refcount 2019/12/15 v3.6 Data extraction from label references (HO)
)
(C:/MiKTeX/tex/generic/gettitlestring/gettitlestring.sty
Package: gettitlestring 2019/12/15 v1.6 Cleanup title references (HO)
)
\c@section@level=\count473
)
(C:/MiKTeX/tex/generic/stringenc/stringenc.sty
Package: stringenc 2019/11/29 v1.12 Convert strings between diff. encodings (HO
)
)
\@linkdim=\dimen186
\Hy@linkcounter=\count474
\Hy@pagecounter=\count475

(C:/MiKTeX/tex/latex/hyperref/pd1enc.def
File: pd1enc.def 2025-07-12 v7.01o Hyperref: PDFDocEncoding definition (HO)
)
(C:/MiKTeX/tex/generic/intcalc/intcalc.sty
Package: intcalc 2019/12/15 v1.3 Expandable calculations with integers (HO)
)
\Hy@SavedSpaceFactor=\count476

(C:/MiKTeX/tex/latex/hyperref/puenc.def
File: puenc.def 2025-07-12 v7.01o Hyperref: PDF Unicode definition (HO)
)
Package hyperref Info: Option `unicode' set `true' on input line 4066.


Package hyperref Warning: \DocumentMetadata detected.
(hyperref)                The 'pdfa' key will be ignored.
(hyperref)                Please set the PDF/A standard in \DocumentMetadata
(hyperref)                with the 'pdfstandard' key. on input line 4066.

Package hyperref Info: Hyper figures OFF on input line 4195.
Package hyperref Info: Link nesting OFF on input line 4200.
Package hyperref Info: Hyper index ON on input line 4203.
Package hyperref Info: Plain pages OFF on input line 4210.
Package hyperref Info: Backreferencing OFF on input line 4215.
Package hyperref Info: Implicit mode ON; LaTeX internals redefined.
Package hyperref Info: Bookmarks ON on input line 4462.
\c@Hy@tempcnt=\count477
LaTeX Info: Redefining \url on input line 4801.
\XeTeXLinkMargin=\dimen187
(C:/MiKTeX/tex/generic/bitset/bitset.sty
Package: bitset 2019/12/09 v1.3 Handle bit-vector datatype (HO)

(C:/MiKTeX/tex/generic/bigintcalc/bigintcalc.sty
Package: bigintcalc 2019/12/15 v1.5 Expandable calculations on big integers (HO
)
))
\Fld@menulength=\count478
\Field@Width=\dimen188
\Fld@charsize=\dimen189
Package hyperref Info: Hyper figures OFF on input line 6078.
Package hyperref Info: Link nesting OFF on input line 6083.
Package hyperref Info: Hyper index ON on input line 6086.
Package hyperref Info: backreferencing OFF on input line 6093.
Package hyperref Info: Link coloring OFF on input line 6098.
Package hyperref Info: Link coloring with OCG OFF on input line 6103.
Package hyperref Info: PDF/A mode OFF on input line 6108.
\Hy@abspage=\count479
\c@Item=\count480
\c@Hfootnote=\count481
)
Package hyperref Info: Driver (custom): hgeneric-testphase.

(C:/MiKTeX/tex/latex/pdfmanagement-testphase/hgeneric-testphase.def
File: hgeneric-testphase.def 2025-08-05 v0.96v generic Hyperref driver for the 
LaTeX PDF management bundle

(C:/MiKTeX/tex/latex/pdfmanagement-testphase/hyperref-colorschemes.def)
LaTeX Info: Redefining \href on input line 274.
LaTeX Info: Redefining \url on input line 360.
\l__hyp_tmpa_box=\box110
\l__hyp_tmpa_int=\count482
\l__hyp_dest_box=\box111
\g__hyp_linknestlevel_int=\count483
\HyAnn@Count=\count484
\Fld@listcount=\count485
\Hy@SectionHShift=\skip118
)
(C:/MiKTeX/tex/latex/bookmark/bookmark.sty
Package: bookmark 2023-12-10 v1.31 PDF bookmarks (HO)

(C:/MiKTeX/tex/latex/bookmark/bkm-pdftex.def
File: bkm-pdftex.def 2023-12-10 v1.31 bookmark driver for pdfTeX and luaTeX (HO
)
\BKM@id=\count486
))
(C:/MiKTeX/tex/latex/pdfpages/pdfpages.sty
Package: pdfpages 2025/07/23 v0.6g Insert pages of external PDF documents (AM)
 (C:/MiKTeX/tex/latex/tools/calc.sty
Package: calc 2025/03/01 v4.3b Infix arithmetic (KKT,FJ)
\calc@Acount=\count487
\calc@Bcount=\count488
\calc@Adimen=\dimen190
\calc@Bdimen=\dimen191
\calc@Askip=\skip119
\calc@Bskip=\skip120
LaTeX Info: Redefining \setlength on input line 86.
LaTeX Info: Redefining \addtolength on input line 87.
\calc@Ccount=\count489
\calc@Cskip=\skip121
)
\AM@pagewidth=\dimen192
\AM@pageheight=\dimen193
\AM@fboxrule=\dimen194
(C:/MiKTeX/tex/latex/pdfpages/ppluatex.def
File: ppluatex.def 2025/07/23 v0.6g Pdfpages driver for LuaTeX (AM)
)
\pdfpages@includegraphics@status=\count490
\AM@pagebox=\box112
\AM@global@opts=\toks32
\AM@pagecnt=\count491
\AM@toc@title=\toks33
\AM@lof@heading=\toks34
\c@AM@survey=\count492
\AM@templatesizebox=\box113
) (./config.tex)
\c@startpage=\count493
\c@curpage=\count494
\c@curpaper=\count495

(C:/MiKTeX/tex/latex/ccicons/ccicons.sty
Package: ccicons 2017/10/30 v1.6 LaTeX support for Creative Commons icons

(C:/MiKTeX/tex/latex/xkeyval/xkeyval.sty
Package: xkeyval 2022/06/16 v2.9 package option processing (HA)

(C:/MiKTeX/tex/generic/xkeyval/xkeyval.tex
(C:/MiKTeX/tex/generic/xkeyval/xkvutils.tex
\XKV@toks=\toks35
\XKV@tempa@toks=\toks36
)
\XKV@depth=\count496
File: xkeyval.tex 2014/12/03 v2.7a key=value parser (HA)
)))
Package csquotes Info: Checking for multilingual support...
Package csquotes Info: ... found 'babel' package.
Package csquotes Info: Adjusting default style.
Package csquotes Info: Redefining alias 'default' -> 'english'.

(C:/MiKTeX/tex/latex/ragged2e/ragged2e.sty
Package: ragged2e 2023/06/22 v3.6 ragged2e Package
\CenteringLeftskip=\skip122
\RaggedLeftLeftskip=\skip123
\RaggedRightLeftskip=\skip124
\CenteringRightskip=\skip125
\RaggedLeftRightskip=\skip126
\RaggedRightRightskip=\skip127
\CenteringParfillskip=\skip128
\RaggedLeftParfillskip=\skip129
\RaggedRightParfillskip=\skip130
\JustifyingParfillskip=\skip131
\CenteringParindent=\skip132
\RaggedLeftParindent=\skip133
\RaggedRightParindent=\skip134
\JustifyingParindent=\skip135
) (./proceedings.aux)
\openout1 = proceedings.aux

LaTeX Font Info:    Checking defaults for OML/cmm/m/it on input line 423.
LaTeX Font Info:    ... okay on input line 423.
LaTeX Font Info:    Checking defaults for OMS/cmsy/m/n on input line 423.
LaTeX Font Info:    ... okay on input line 423.
LaTeX Font Info:    Checking defaults for OT1/cmr/m/n on input line 423.
LaTeX Font Info:    ... okay on input line 423.
LaTeX Font Info:    Checking defaults for T1/cmr/m/n on input line 423.
LaTeX Font Info:    ... okay on input line 423.
LaTeX Font Info:    Checking defaults for TS1/cmr/m/n on input line 423.
LaTeX Font Info:    ... okay on input line 423.
LaTeX Font Info:    Checking defaults for TU/lmr/m/n on input line 423.
LaTeX Font Info:    ... okay on input line 423.
LaTeX Font Info:    Checking defaults for OMX/cmex/m/n on input line 423.
LaTeX Font Info:    ... okay on input line 423.
LaTeX Font Info:    Checking defaults for U/cmr/m/n on input line 423.
LaTeX Font Info:    ... okay on input line 423.
LaTeX Font Info:    Checking defaults for PD1/pdf/m/n on input line 423.
LaTeX Font Info:    ... okay on input line 423.
LaTeX Font Info:    Checking defaults for PU/pdf/m/n on input line 423.
LaTeX Font Info:    ... okay on input line 423.
Package scrbase Info: activating english \partname on input line 423.
Package scrbase Info: activating english \chaptername on input line 423.
Package scrbase Info: activating english \appendixname on input line 423.
Package scrbase Info: activating english \figurename on input line 423.
Package scrbase Info: activating english \tablename on input line 423.
Package scrbase Info: activating english \contentsname on input line 423.
Package scrbase Info: activating english \listfigurename on input line 423.
Package scrbase Info: activating english \listtablename on input line 423.
Package scrbase Info: activating english \bibname on input line 423.
Package scrbase Info: activating english \indexname on input line 423.

*geometry* driver: auto-detecting
*geometry* detected driver: luatex
*geometry* verbose mode - [ preamble ] result:
* driver: luatex
* paper: custom
* layout: <same size as paper>
* layoutoffset:(h,v)=(0.0pt,0.0pt)
* hratio: 1:1
* vratio: 1:1
* modes: includehead twoside 
* h-part:(L,W,R)=(41.25641pt, 358.5049pt, 41.25641pt)
* v-part:(T,H,B)=(61.17346pt, 546.29282pt, 61.17348pt)
* \paperwidth=441.01772pt
* \paperheight=668.63976pt
* \textwidth=358.5049pt
* \textheight=517.08253pt
* \oddsidemargin=-31.01358pt
* \evensidemargin=-31.01358pt
* \topmargin=-38.41121pt
* \headheight=23.0pt
* \headsep=8.82028pt
* \topskip=11.0pt
* \footskip=47.6pt
* \marginparwidth=89.62619pt
* \marginparsep=12.8401pt
* \columnsep=10.0pt
* \skip\footins=10.0pt plus 4.0pt minus 2.0pt
* \hoffset=0.0pt
* \voffset=0.0pt
* \mag=1000
* \@twocolumnfalse
* \@twosidetrue
* \@mparswitchtrue
* \@reversemarginfalse
* (1in=72.27pt=25.4mm, 1cm=28.453pt)

LaTeX Font Info:    Overwriting math alphabet `\mathtt' in version `normal'
(Font)                  OT1/cmtt/m/n --> TU/lmtt/m/n on input line 423.
LaTeX Font Info:    Overwriting math alphabet `\mathtt' in version `bold'
(Font)                  OT1/cmtt/m/n --> TU/lmtt/b/n on input line 423.

Package fontspec Info: 
(fontspec)             Font family 'latinmodern-math.otf(0)' created for font
(fontspec)             'latinmodern-math.otf' with options
(fontspec)             [Renderer=Basic,BoldItalicFont={},ItalicFont={},SmallCap
sFont={},Script=Math,RawFeature={mathfontdimen=xetex},BoldFont={latinmodern-mat
h.otf}].
(fontspec)              
(fontspec)              This font family consists of the following NFSS
(fontspec)             series/shapes:
(fontspec)              
(fontspec)             - 'normal' (m/n) with NFSS spec.:
(fontspec)             <->"[latinmodern-math.otf]:mode=base;script=math;languag
e=dflt;mathfontdimen=xetex;"
(fontspec)             - 'bold' (b/n) with NFSS spec.:
(fontspec)             <->"[latinmodern-math.otf]:mode=base;script=math;languag
e=dflt;mathfontdimen=xetex;"


Package fontspec Info: 
(fontspec)             Font family 'latinmodern-math.otf(1)' created for font
(fontspec)             'latinmodern-math.otf' with options
(fontspec)             [Renderer=Basic,BoldItalicFont={},ItalicFont={},SmallCap
sFont={},Script=Math,SizeFeatures={{Size=9.3075-},{Size=6.57-9.3075,Font=latinm
odern-math.otf,Style=MathScript},{Size=-6.57,Font=latinmodern-math.otf,Style=Ma
thScriptScript}},RawFeature={mathfontdimen=xetex},BoldFont={latinmodern-math.ot
f}].
(fontspec)              
(fontspec)              This font family consists of the following NFSS
(fontspec)             series/shapes:
(fontspec)              
(fontspec)             - 'normal' (m/n) with NFSS spec.:
(fontspec)             <9.3075->"[latinmodern-math.otf]:mode=base;script=math;l
anguage=dflt;mathfontdimen=xetex;"<6.57-9.3075>"[latinmodern-math.otf]:mode=bas
e;script=math;language=dflt;mathfontdimen=xetex;+ssty=0;"<-6.57>"[latinmodern-m
ath.otf]:mode=base;script=math;language=dflt;mathfontdimen=xetex;+ssty=1;"
(fontspec)             - 'bold' (b/n) with NFSS spec.:
(fontspec)             <->"[latinmodern-math.otf]:mode=base;script=math;languag
e=dflt;mathfontdimen=xetex;"

LaTeX Font Info:    Encoding `OT1' has changed to `TU' for symbol font
(Font)              `operators' in the math version `normal' on input line 423.

LaTeX Font Info:    Overwriting symbol font `operators' in version `normal'
(Font)                  OT1/cmr/m/n --> TU/latinmodern-math.otf(1)/m/n on input
 line 423.
LaTeX Font Info:    Encoding `OT1' has changed to `TU' for symbol font
(Font)              `operators' in the math version `bold' on input line 423.
LaTeX Font Info:    Overwriting symbol font `operators' in version `bold'
(Font)                  OT1/cmr/bx/n --> TU/latinmodern-math.otf(1)/b/n on inpu
t line 423.

Package fontspec Info: 
(fontspec)             Font family 'latinmodern-math.otf(2)' created for font
(fontspec)             'latinmodern-math.otf' with options
(fontspec)             [Renderer=Basic,BoldItalicFont={},ItalicFont={},SmallCap
sFont={},Script=Math,SizeFeatures={{Size=9.3075-},{Size=6.57-9.3075,Font=latinm
odern-math.otf,Style=MathScript},{Size=-6.57,Font=latinmodern-math.otf,Style=Ma
thScriptScript}},RawFeature={mathfontdimen=xetex},BoldFont={latinmodern-math.ot
f},RawFeature={mathfontdimen=tex2}].
(fontspec)              
(fontspec)              This font family consists of the following NFSS
(fontspec)             series/shapes:
(fontspec)              
(fontspec)             - 'normal' (m/n) with NFSS spec.:
(fontspec)             <9.3075->"[latinmodern-math.otf]:mode=base;script=math;l
anguage=dflt;mathfontdimen=xetex;mathfontdimen=tex2;"<6.57-9.3075>"[latinmodern
-math.otf]:mode=base;script=math;language=dflt;mathfontdimen=xetex;mathfontdime
n=tex2;+ssty=0;"<-6.57>"[latinmodern-math.otf]:mode=base;script=math;language=d
flt;mathfontdimen=xetex;mathfontdimen=tex2;+ssty=1;"
(fontspec)             - 'bold' (b/n) with NFSS spec.:
(fontspec)             <->"[latinmodern-math.otf]:mode=base;script=math;languag
e=dflt;mathfontdimen=xetex;mathfontdimen=tex2;"

LaTeX Font Info:    Encoding `OMS' has changed to `TU' for symbol font
(Font)              `symbols' in the math version `normal' on input line 423.
LaTeX Font Info:    Overwriting symbol font `symbols' in version `normal'
(Font)                  OMS/cmsy/m/n --> TU/latinmodern-math.otf(2)/m/n on inpu
t line 423.
LaTeX Font Info:    Encoding `OMS' has changed to `TU' for symbol font
(Font)              `symbols' in the math version `bold' on input line 423.
LaTeX Font Info:    Overwriting symbol font `symbols' in version `bold'
(Font)                  OMS/cmsy/b/n --> TU/latinmodern-math.otf(2)/b/n on inpu
t line 423.

Package fontspec Info: 
(fontspec)             Font family 'latinmodern-math.otf(3)' created for font
(fontspec)             'latinmodern-math.otf' with options
(fontspec)             [Renderer=Basic,BoldItalicFont={},ItalicFont={},SmallCap
sFont={},Script=Math,SizeFeatures={{Size=9.3075-},{Size=6.57-9.3075,Font=latinm
odern-math.otf,Style=MathScript},{Size=-6.57,Font=latinmodern-math.otf,Style=Ma
thScriptScript}},RawFeature={mathfontdimen=xetex},BoldFont={latinmodern-math.ot
f},RawFeature={mathfontdimen=tex3}].
(fontspec)              
(fontspec)              This font family consists of the following NFSS
(fontspec)             series/shapes:
(fontspec)              
(fontspec)             - 'normal' (m/n) with NFSS spec.:
(fontspec)             <9.3075->"[latinmodern-math.otf]:mode=base;script=math;l
anguage=dflt;mathfontdimen=xetex;mathfontdimen=tex3;"<6.57-9.3075>"[latinmodern
-math.otf]:mode=base;script=math;language=dflt;mathfontdimen=xetex;mathfontdime
n=tex3;+ssty=0;"<-6.57>"[latinmodern-math.otf]:mode=base;script=math;language=d
flt;mathfontdimen=xetex;mathfontdimen=tex3;+ssty=1;"
(fontspec)             - 'bold' (b/n) with NFSS spec.:
(fontspec)             <->"[latinmodern-math.otf]:mode=base;script=math;languag
e=dflt;mathfontdimen=xetex;mathfontdimen=tex3;"

LaTeX Font Info:    Encoding `OMX' has changed to `TU' for symbol font
(Font)              `largesymbols' in the math version `normal' on input line 4
23.
LaTeX Font Info:    Overwriting symbol font `largesymbols' in version `normal'
(Font)                  OMX/cmex/m/n --> TU/latinmodern-math.otf(3)/m/n on inpu
t line 423.
LaTeX Font Info:    Encoding `OMX' has changed to `TU' for symbol font
(Font)              `largesymbols' in the math version `bold' on input line 423
.
LaTeX Font Info:    Overwriting symbol font `largesymbols' in version `bold'
(Font)                  OMX/cmex/m/n --> TU/latinmodern-math.otf(3)/b/n on inpu
t line 423.
LaTeX Info: Redefining \microtypecontext on input line 423.
Package microtype Info: Applying patch `item' on input line 423.
Package microtype Info: Applying patch `toc' on input line 423.
Package microtype Info: Applying patch `eqnum' on input line 423.
Package microtype Info: Applying patch `footnote' on input line 423.
Package microtype Info: Applying patch `verbatim' on input line 423.
LaTeX Info: Redefining \microtypesetup on input line 423.
Package microtype Info: Generating PDF output.
Package microtype Info: Character protrusion enabled (level 2).
Package microtype Info: Using protrusion set `alltext-nott'.
Package microtype Info: Automatic font expansion enabled (level 2),
(microtype)             stretch: 20, shrink: 20, step: 1, non-selected.
Package microtype Info: Using expansion set `alltext'.
Package microtype Info: Patching command `\showhyphens'.
Package microtype Info: Tracking enabled.
Package microtype Info: Using tracking set `smallcaps'.
Package microtype Info: No adjustment of spacing.
Package microtype Info: No adjustment of kerning.
Package microtype Info: Loading generic protrusion settings for font family
(microtype)             `texgyretermes' (encoding: TU).
(microtype)             For optimal results, create family-specific settings.
(microtype)             See the microtype manual for details.
(C:/MiKTeX/tex/context/base/mkii/supp-pdf.mkii
[Loading MPS to PDF converter (version 2006.09.02).]
\scratchcounter=\count497
\scratchdimen=\dimen195
\scratchbox=\box114
\nofMPsegments=\count498
\nofMParguments=\count499
\everyMPshowfont=\toks37
\MPscratchCnt=\count500
\MPscratchDim=\dimen196
\MPnumerator=\count501
\makeMPintoPDFobject=\count502
\everyMPtoPDFconversion=\toks38
) (C:/MiKTeX/tex/latex/epstopdf-pkg/epstopdf-base.sty
Package: epstopdf-base 2020-01-24 v2.11 Base part for package epstopdf
Package epstopdf-base Info: Redefining graphics rule for `.eps' on input line 4
85.

(C:/MiKTeX/tex/latex/00miktex/epstopdf-sys.cfg
File: epstopdf-sys.cfg 2021/03/18 v2.0 Configuration of epstopdf for MiKTeX
))
Package biblatex Info: Trying to load language 'english'...
Package biblatex Info: ... file 'english.lbx' found.

(C:/MiKTeX/tex/latex/biblatex/lbx/english.lbx
File: english.lbx 2025/07/10 v3.21 biblatex localization (PK/MW)
)
Package biblatex Info: LuaTeX detected.
(biblatex)             Assuming input encoding 'utf8'.
Package biblatex Info: Automatic encoding selection.
(biblatex)             Assuming data encoding 'utf8'.

\openout3 = proceedings.bcf
Package biblatex Info: Trying to load bibliographic data...
Package biblatex Info: ... file 'proceedings.bbl' found.
 (./proceedings.bbl)
Package biblatex Info: Reference section=0 on input line 423.
Package biblatex Info: Reference segment=0 on input line 423.
Package hyperref Info: Link coloring OFF on input line 423.

(C:/MiKTeX/tex/latex/pdflscape/pdflscape.sty
Package: pdflscape 2022-10-27 v0.13 Display of landscape pages in PDF

(C:/MiKTeX/tex/latex/graphics/lscape.sty
Package: lscape 2020/05/28 v3.02 Landscape Pages (DPC)
))

LaTeX DocumentMetadata Warning: The language has not been set in
(DocumentMetadata)              \DocumentMetadata.
(DocumentMetadata)              Setting it to 'en' as fallback.

<LNI-Startseiten.pdf, id=6, 597.45207pt x 844.15375pt>
File: LNI-Startseiten.pdf Graphic file (type pdf)
<use LNI-Startseiten.pdf>
Package luatex.def Info: LNI-Startseiten.pdf  used on input line 442.
(luatex.def)             Requested size: 597.4506pt x 844.15169pt.
<LNI-Startseiten.pdf, id=8, page=1, 597.45207pt x 844.15375pt>
File: LNI-Startseiten.pdf Graphic file (type pdf)
<use LNI-Startseiten.pdf, page 1>
Package luatex.def Info: LNI-Startseiten.pdf , page1 used on input line 442.
(luatex.def)             Requested size: 597.4506pt x 844.15169pt.
File: LNI-Startseiten.pdf Graphic file (type pdf)
<use LNI-Startseiten.pdf, page 1>
Package luatex.def Info: LNI-Startseiten.pdf , page1 used on input line 442.
(luatex.def)             Requested size: 597.4506pt x 844.15169pt.
File: LNI-Startseiten.pdf Graphic file (type pdf)
<use LNI-Startseiten.pdf, page 1>
Package luatex.def Info: LNI-Startseiten.pdf , page1 used on input line 442.
(luatex.def)             Requested size: 597.4506pt x 844.15169pt.


File: LNI-Startseiten.pdf Graphic file (type pdf)
<use LNI-Startseiten.pdf, page 1>
Package luatex.def Info: LNI-Startseiten.pdf , page1 used on input line 442.
(luatex.def)             Requested size: 597.4506pt x 844.15169pt.
* Missing: LNI-Startseiten.newpax
[1


<./LNI-Startseiten.pdf>]
<LNI-Startseiten.pdf, id=17, page=2, 597.45207pt x 844.15375pt>
File: LNI-Startseiten.pdf Graphic file (type pdf)
<use LNI-Startseiten.pdf, page 2>
Package luatex.def Info: LNI-Startseiten.pdf , page2 used on input line 442.
(luatex.def)             Requested size: 597.4506pt x 844.15169pt.
File: LNI-Startseiten.pdf Graphic file (type pdf)
<use LNI-Startseiten.pdf, page 2>
Package luatex.def Info: LNI-Startseiten.pdf , page2 used on input line 442.
(luatex.def)             Requested size: 597.4506pt x 844.15169pt.


File: LNI-Startseiten.pdf Graphic file (type pdf)
<use LNI-Startseiten.pdf, page 2>
Package luatex.def Info: LNI-Startseiten.pdf , page2 used on input line 442.
(luatex.def)             Requested size: 597.4506pt x 844.15169pt.
* Missing: LNI-Startseiten.newpax
[2

<./LNI-Startseiten.pdf>]
File: LNI-Startseiten.pdf Graphic file (type pdf)
<use LNI-Startseiten.pdf>
Package luatex.def Info: LNI-Startseiten.pdf  used on input line 445.
(luatex.def)             Requested size: 597.4506pt x 844.15169pt.
<LNI-Startseiten.pdf, id=23, page=3, 597.45207pt x 844.15375pt>
File: LNI-Startseiten.pdf Graphic file (type pdf)
<use LNI-Startseiten.pdf, page 3>
Package luatex.def Info: LNI-Startseiten.pdf , page3 used on input line 445.
(luatex.def)             Requested size: 597.4506pt x 844.15169pt.
File: LNI-Startseiten.pdf Graphic file (type pdf)
<use LNI-Startseiten.pdf, page 3>
Package luatex.def Info: LNI-Startseiten.pdf , page3 used on input line 445.
(luatex.def)             Requested size: 597.4506pt x 844.15169pt.
File: LNI-Startseiten.pdf Graphic file (type pdf)
<use LNI-Startseiten.pdf, page 3>
Package luatex.def Info: LNI-Startseiten.pdf , page3 used on input line 445.
(luatex.def)             Requested size: 597.4506pt x 844.15169pt.


File: LNI-Startseiten.pdf Graphic file (type pdf)
<use LNI-Startseiten.pdf, page 3>
Package luatex.def Info: LNI-Startseiten.pdf , page3 used on input line 445.
(luatex.def)             Requested size: 597.4506pt x 844.15169pt.
* Missing: LNI-Startseiten.newpax
[3

<./LNI-Startseiten.pdf>]
<LNI-Startseiten.pdf, id=32, page=4, 597.45207pt x 844.15375pt>
File: LNI-Startseiten.pdf Graphic file (type pdf)
<use LNI-Startseiten.pdf, page 4>
Package luatex.def Info: LNI-Startseiten.pdf , page4 used on input line 445.
(luatex.def)             Requested size: 597.4506pt x 844.15169pt.
File: LNI-Startseiten.pdf Graphic file (type pdf)
<use LNI-Startseiten.pdf, page 4>
Package luatex.def Info: LNI-Startseiten.pdf , page4 used on input line 445.
(luatex.def)             Requested size: 597.4506pt x 844.15169pt.


File: LNI-Startseiten.pdf Graphic file (type pdf)
<use LNI-Startseiten.pdf, page 4>
Package luatex.def Info: LNI-Startseiten.pdf , page4 used on input line 445.
(luatex.def)             Requested size: 597.4506pt x 844.15169pt.
* Missing: LNI-Startseiten.newpax
[4

<./LNI-Startseiten.pdf>]
File: LNI-Startseiten.pdf Graphic file (type pdf)
<use LNI-Startseiten.pdf>
Package luatex.def Info: LNI-Startseiten.pdf  used on input line 450.
(luatex.def)             Requested size: 597.4506pt x 844.15169pt.
<LNI-Startseiten.pdf, id=45, page=5, 597.45207pt x 844.15375pt>
File: LNI-Startseiten.pdf Graphic file (type pdf)
<use LNI-Startseiten.pdf, page 5>
Package luatex.def Info: LNI-Startseiten.pdf , page5 used on input line 450.
(luatex.def)             Requested size: 597.4506pt x 844.15169pt.
File: LNI-Startseiten.pdf Graphic file (type pdf)
<use LNI-Startseiten.pdf, page 5>
Package luatex.def Info: LNI-Startseiten.pdf , page5 used on input line 450.
(luatex.def)             Requested size: 597.4506pt x 844.15169pt.
File: LNI-Startseiten.pdf Graphic file (type pdf)
<use LNI-Startseiten.pdf, page 5>
Package luatex.def Info: LNI-Startseiten.pdf , page5 used on input line 450.
(luatex.def)             Requested size: 597.4506pt x 844.15169pt.


File: LNI-Startseiten.pdf Graphic file (type pdf)
<use LNI-Startseiten.pdf, page 5>
Package luatex.def Info: LNI-Startseiten.pdf , page5 used on input line 450.
(luatex.def)             Requested size: 597.4506pt x 844.15169pt.
* Missing: LNI-Startseiten.newpax
[5

<./LNI-Startseiten.pdf>]
File: LNI-Startseiten.pdf Graphic file (type pdf)
<use LNI-Startseiten.pdf>
Package luatex.def Info: LNI-Startseiten.pdf  used on input line 454.
(luatex.def)             Requested size: 597.4506pt x 844.15169pt.
<LNI-Startseiten.pdf, id=55, page=6, 597.45207pt x 844.15375pt>
File: LNI-Startseiten.pdf Graphic file (type pdf)
<use LNI-Startseiten.pdf, page 6>
Package luatex.def Info: LNI-Startseiten.pdf , page6 used on input line 454.
(luatex.def)             Requested size: 597.4506pt x 844.15169pt.
File: LNI-Startseiten.pdf Graphic file (type pdf)
<use LNI-Startseiten.pdf, page 6>
Package luatex.def Info: LNI-Startseiten.pdf , page6 used on input line 454.
(luatex.def)             Requested size: 597.4506pt x 844.15169pt.
File: LNI-Startseiten.pdf Graphic file (type pdf)
<use LNI-Startseiten.pdf, page 6>
Package luatex.def Info: LNI-Startseiten.pdf , page6 used on input line 454.
(luatex.def)             Requested size: 597.4506pt x 844.15169pt.


File: LNI-Startseiten.pdf Graphic file (type pdf)
<use LNI-Startseiten.pdf, page 6>
Package luatex.def Info: LNI-Startseiten.pdf , page6 used on input line 454.
(luatex.def)             Requested size: 597.4506pt x 844.15169pt.
* Missing: LNI-Startseiten.newpax
[6

<./LNI-Startseiten.pdf>]
File: LNI-Startseiten.pdf Graphic file (type pdf)
<use LNI-Startseiten.pdf>
Package luatex.def Info: LNI-Startseiten.pdf  used on input line 459.
(luatex.def)             Requested size: 597.4506pt x 844.15169pt.
<LNI-Startseiten.pdf, id=70, page=7, 597.45207pt x 844.15375pt>
File: LNI-Startseiten.pdf Graphic file (type pdf)
<use LNI-Startseiten.pdf, page 7>
Package luatex.def Info: LNI-Startseiten.pdf , page7 used on input line 459.
(luatex.def)             Requested size: 597.4506pt x 844.15169pt.
File: LNI-Startseiten.pdf Graphic file (type pdf)
<use LNI-Startseiten.pdf, page 7>
Package luatex.def Info: LNI-Startseiten.pdf , page7 used on input line 459.
(luatex.def)             Requested size: 597.4506pt x 844.15169pt.
File: LNI-Startseiten.pdf Graphic file (type pdf)
<use LNI-Startseiten.pdf, page 7>
Package luatex.def Info: LNI-Startseiten.pdf , page7 used on input line 459.
(luatex.def)             Requested size: 597.4506pt x 844.15169pt.


File: LNI-Startseiten.pdf Graphic file (type pdf)
<use LNI-Startseiten.pdf, page 7>
Package luatex.def Info: LNI-Startseiten.pdf , page7 used on input line 459.
(luatex.def)             Requested size: 597.4506pt x 844.15169pt.
* Missing: LNI-Startseiten.newpax
[7

<./LNI-Startseiten.pdf>]
File: LNI-Startseiten.pdf Graphic file (type pdf)
<use LNI-Startseiten.pdf>
Package luatex.def Info: LNI-Startseiten.pdf  used on input line 464.
(luatex.def)             Requested size: 597.4506pt x 844.15169pt.
<LNI-Startseiten.pdf, id=84, page=8, 597.45207pt x 844.15375pt>
File: LNI-Startseiten.pdf Graphic file (type pdf)
<use LNI-Startseiten.pdf, page 8>
Package luatex.def Info: LNI-Startseiten.pdf , page8 used on input line 464.
(luatex.def)             Requested size: 597.4506pt x 844.15169pt.
File: LNI-Startseiten.pdf Graphic file (type pdf)
<use LNI-Startseiten.pdf, page 8>
Package luatex.def Info: LNI-Startseiten.pdf , page8 used on input line 464.
(luatex.def)             Requested size: 597.4506pt x 844.15169pt.
File: LNI-Startseiten.pdf Graphic file (type pdf)
<use LNI-Startseiten.pdf, page 8>
Package luatex.def Info: LNI-Startseiten.pdf , page8 used on input line 464.
(luatex.def)             Requested size: 597.4506pt x 844.15169pt.


File: LNI-Startseiten.pdf Graphic file (type pdf)
<use LNI-Startseiten.pdf, page 8>
Package luatex.def Info: LNI-Startseiten.pdf , page8 used on input line 464.
(luatex.def)             Requested size: 597.4506pt x 844.15169pt.
* Missing: LNI-Startseiten.newpax
[8

<./LNI-Startseiten.pdf>]
Package tocbasic Info: character protrusion at toc deactivated on input line 48
0.
 (./proceedings.toc

[9




{C:/Users/Thunderhelix/AppData/Local/MiKTeX/fonts/map/pdftex/pdftex.map}])
\tf@toc=\write7

\openout7 = proceedings.toc


[10]
\pagesfile=\write8


[11



\openout8 = pages.txt


]

[12]

Package hyperref Warning: Token not allowed in a PDF string (Unicode):
(hyperref)                removing `\unskip' on input line 499.


Package hyperref Warning: Token not allowed in a PDF string (Unicode):
(hyperref)                removing `\unskip' on input line 499.

Missing character: There is no K (U+004B) in font nullfont!
Missing character: There is no o (U+006F) in font nullfont!
Missing character: There is no b (U+0062) in font nullfont!
Missing character: There is no i (U+0069) in font nullfont!
Missing character: There is no e (U+0065) in font nullfont!
Missing character: There is no l (U+006C) in font nullfont!
Missing character: There is no a (U+0061) in font nullfont!
Missing character: There is no , (U+002C) in font nullfont!
Missing character: There is no S (U+0053) in font nullfont!
Missing character: There is no t (U+0074) in font nullfont!
Missing character: There is no a (U+0061) in font nullfont!
Missing character: There is no ń (U+0144) in font nullfont!
Missing character: There is no c (U+0063) in font nullfont!
Missing character: There is no z (U+007A) in font nullfont!
Missing character: There is no a (U+0061) in font nullfont!
Missing character: There is no k (U+006B) in font nullfont!
Missing character: There is no , (U+002C) in font nullfont!
Missing character: There is no a (U+0061) in font nullfont!
Missing character: There is no n (U+006E) in font nullfont!
Missing character: There is no d (U+0064) in font nullfont!
Missing character: There is no B (U+0042) in font nullfont!
Missing character: There is no a (U+0061) in font nullfont!
Missing character: There is no r (U+0072) in font nullfont!
Missing character: There is no t (U+0074) in font nullfont!
Missing character: There is no o (U+006F) in font nullfont!
Missing character: There is no s (U+0073) in font nullfont!
Missing character: There is no z (U+007A) in font nullfont!
Missing character: There is no c (U+0063) in font nullfont!
Missing character: There is no z (U+007A) in font nullfont!
Missing character: There is no u (U+0075) in font nullfont!
Missing character: There is no k (U+006B) in font nullfont!
Missing character: There is no 2 (U+0032) in font nullfont!
Missing character: There is no 0 (U+0030) in font nullfont!
Missing character: There is no 2 (U+0032) in font nullfont!
Missing character: There is no 5 (U+0035) in font nullfont!
Missing character: There is no K (U+004B) in font nullfont!
Missing character: There is no o (U+006F) in font nullfont!
Missing character: There is no b (U+0062) in font nullfont!
Missing character: There is no i (U+0069) in font nullfont!
Missing character: There is no e (U+0065) in font nullfont!
Missing character: There is no l (U+006C) in font nullfont!
Missing character: There is no a (U+0061) in font nullfont!
Missing character: There is no , (U+002C) in font nullfont!
Missing character: There is no S (U+0053) in font nullfont!
Missing character: There is no t (U+0074) in font nullfont!
Missing character: There is no a (U+0061) in font nullfont!
Missing character: There is no ń (U+0144) in font nullfont!
Missing character: There is no c (U+0063) in font nullfont!
Missing character: There is no z (U+007A) in font nullfont!
Missing character: There is no a (U+0061) in font nullfont!
Missing character: There is no k (U+006B) in font nullfont!
Missing character: There is no , (U+002C) in font nullfont!
Missing character: There is no a (U+0061) in font nullfont!
Missing character: There is no n (U+006E) in font nullfont!
Missing character: There is no d (U+0064) in font nullfont!
Missing character: There is no B (U+0042) in font nullfont!
Missing character: There is no a (U+0061) in font nullfont!
Missing character: There is no r (U+0072) in font nullfont!
Missing character: There is no t (U+0074) in font nullfont!
Missing character: There is no o (U+006F) in font nullfont!
Missing character: There is no s (U+0073) in font nullfont!
Missing character: There is no z (U+007A) in font nullfont!
Missing character: There is no c (U+0063) in font nullfont!
Missing character: There is no z (U+007A) in font nullfont!
Missing character: There is no u (U+0075) in font nullfont!
Missing character: There is no k (U+006B) in font nullfont!
Missing character: There is no 2 (U+0032) in font nullfont!
Missing character: There is no 0 (U+0030) in font nullfont!
Missing character: There is no 2 (U+0032) in font nullfont!
Missing character: There is no 5 (U+0035) in font nullfont!


<papers/A1-1/paper.pdf, id=200, page=1, 440.98926pt x 668.63977pt>
File: papers/A1-1/paper.pdf Graphic file (type pdf)
<use papers/A1-1/paper.pdf, page 1>
Package luatex.def Info: papers/A1-1/paper.pdf , page1 used on input line 499.
(luatex.def)             Requested size: 440.98817pt x 353.60983pt.
(./paper.newpax)
LaTeX Font Info:    Font shape `U/ccicons/m/n' will be
(Font)              scaled to size 10.95pt on input line 499.
 [13
Missing character: There is no K (U+004B) in font nullfont!
Missing character: There is no o (U+006F) in font nullfont!
Missing character: There is no b (U+0062) in font nullfont!
Missing character: There is no i (U+0069) in font nullfont!
Missing character: There is no e (U+0065) in font nullfont!
Missing character: There is no l (U+006C) in font nullfont!
Missing character: There is no a (U+0061) in font nullfont!
Missing character: There is no , (U+002C) in font nullfont!
Missing character: There is no S (U+0053) in font nullfont!
Missing character: There is no t (U+0074) in font nullfont!
Missing character: There is no a (U+0061) in font nullfont!
Missing character: There is no ń (U+0144) in font nullfont!
Missing character: There is no c (U+0063) in font nullfont!
Missing character: There is no z (U+007A) in font nullfont!
Missing character: There is no a (U+0061) in font nullfont!
Missing character: There is no k (U+006B) in font nullfont!
Missing character: There is no , (U+002C) in font nullfont!
Missing character: There is no a (U+0061) in font nullfont!
Missing character: There is no n (U+006E) in font nullfont!
Missing character: There is no d (U+0064) in font nullfont!
Missing character: There is no B (U+0042) in font nullfont!
Missing character: There is no a (U+0061) in font nullfont!
Missing character: There is no r (U+0072) in font nullfont!
Missing character: There is no t (U+0074) in font nullfont!
Missing character: There is no o (U+006F) in font nullfont!
Missing character: There is no s (U+0073) in font nullfont!
Missing character: There is no z (U+007A) in font nullfont!
Missing character: There is no c (U+0063) in font nullfont!
Missing character: There is no z (U+007A) in font nullfont!
Missing character: There is no u (U+0075) in font nullfont!
Missing character: There is no k (U+006B) in font nullfont!
Missing character: There is no 2 (U+0032) in font nullfont!
Missing character: There is no 0 (U+0030) in font nullfont!
Missing character: There is no 2 (U+0032) in font nullfont!
Missing character: There is no 5 (U+0035) in font nullfont!
<./papers/A1-1/paper.pdf>]

<papers/A1-1/paper.pdf, id=299, page=2, 440.98926pt x 668.63977pt>
File: papers/A1-1/paper.pdf Graphic file (type pdf)
<use papers/A1-1/paper.pdf, page 2>
Package luatex.def Info: papers/A1-1/paper.pdf , page2 used on input line 499.
(luatex.def)             Requested size: 440.98817pt x 495.87326pt.
(./paper.newpax) [14<./papers/A1-1/paper.pdf>]

<papers/A1-1/paper.pdf, id=306, page=3, 440.98926pt x 668.63977pt>
File: papers/A1-1/paper.pdf Graphic file (type pdf)
<use papers/A1-1/paper.pdf, page 3>
Package luatex.def Info: papers/A1-1/paper.pdf , page3 used on input line 499.
(luatex.def)             Requested size: 440.98817pt x 495.87326pt.
(./paper.newpax) [15<./papers/A1-1/paper.pdf>]

<papers/A1-1/paper.pdf, id=313, page=4, 440.98926pt x 668.63977pt>
File: papers/A1-1/paper.pdf Graphic file (type pdf)
<use papers/A1-1/paper.pdf, page 4>
Package luatex.def Info: papers/A1-1/paper.pdf , page4 used on input line 499.
(luatex.def)             Requested size: 440.98817pt x 495.87326pt.
(./paper.newpax) [16<./papers/A1-1/paper.pdf>]

<papers/A1-1/paper.pdf, id=320, page=5, 440.98926pt x 668.63977pt>
File: papers/A1-1/paper.pdf Graphic file (type pdf)
<use papers/A1-1/paper.pdf, page 5>
Package luatex.def Info: papers/A1-1/paper.pdf , page5 used on input line 499.
(luatex.def)             Requested size: 440.98817pt x 495.87326pt.
(./paper.newpax) [17<./papers/A1-1/paper.pdf>]

<papers/A1-1/paper.pdf, id=340, page=6, 440.98926pt x 668.63977pt>
File: papers/A1-1/paper.pdf Graphic file (type pdf)
<use papers/A1-1/paper.pdf, page 6>
Package luatex.def Info: papers/A1-1/paper.pdf , page6 used on input line 499.
(luatex.def)             Requested size: 440.98817pt x 495.87326pt.
(./paper.newpax) [18<./papers/A1-1/paper.pdf>]

<papers/A1-1/paper.pdf, id=347, page=7, 440.98926pt x 668.63977pt>
File: papers/A1-1/paper.pdf Graphic file (type pdf)
<use papers/A1-1/paper.pdf, page 7>
Package luatex.def Info: papers/A1-1/paper.pdf , page7 used on input line 499.
(luatex.def)             Requested size: 440.98817pt x 495.87326pt.
(./paper.newpax) [19<./papers/A1-1/paper.pdf>]

<papers/A1-1/paper.pdf, id=354, page=8, 440.98926pt x 668.63977pt>
File: papers/A1-1/paper.pdf Graphic file (type pdf)
<use papers/A1-1/paper.pdf, page 8>
Package luatex.def Info: papers/A1-1/paper.pdf , page8 used on input line 499.
(luatex.def)             Requested size: 440.98817pt x 495.87326pt.
(./paper.newpax) [20<./papers/A1-1/paper.pdf>]

<papers/A1-1/paper.pdf, id=361, page=9, 440.98926pt x 668.63977pt>
File: papers/A1-1/paper.pdf Graphic file (type pdf)
<use papers/A1-1/paper.pdf, page 9>
Package luatex.def Info: papers/A1-1/paper.pdf , page9 used on input line 499.
(luatex.def)             Requested size: 440.98817pt x 495.87326pt.
(./paper.newpax) [21<./papers/A1-1/paper.pdf>]

<papers/A1-1/paper.pdf, id=369, page=10, 440.98926pt x 668.63977pt>
File: papers/A1-1/paper.pdf Graphic file (type pdf)
<use papers/A1-1/paper.pdf, page 10>
Package luatex.def Info: papers/A1-1/paper.pdf , page10 used on input line 499.

(luatex.def)             Requested size: 440.98817pt x 495.87326pt.
(./paper.newpax) [22<./papers/A1-1/paper.pdf>]

Package hyperref Warning: Token not allowed in a PDF string (Unicode):
(hyperref)                removing `\unskip' on input line 505.

Missing character: There is no S (U+0053) in font nullfont!
Missing character: There is no o (U+006F) in font nullfont!
Missing character: There is no u (U+0075) in font nullfont!
Missing character: There is no z (U+007A) in font nullfont!
Missing character: There is no a (U+0061) in font nullfont!
Missing character: There is no a (U+0061) in font nullfont!
Missing character: There is no n (U+006E) in font nullfont!
Missing character: There is no d (U+0064) in font nullfont!
Missing character: There is no E (U+0045) in font nullfont!
Missing character: There is no n (U+006E) in font nullfont!
Missing character: There is no g (U+0067) in font nullfont!
Missing character: There is no s (U+0073) in font nullfont!
Missing character: There is no t (U+0074) in font nullfont!
Missing character: There is no l (U+006C) in font nullfont!
Missing character: There is no e (U+0065) in font nullfont!
Missing character: There is no r (U+0072) in font nullfont!
Missing character: There is no 2 (U+0032) in font nullfont!
Missing character: There is no 0 (U+0030) in font nullfont!
Missing character: There is no 2 (U+0032) in font nullfont!
Missing character: There is no 5 (U+0035) in font nullfont!
Missing character: There is no S (U+0053) in font nullfont!
Missing character: There is no o (U+006F) in font nullfont!
Missing character: There is no u (U+0075) in font nullfont!
Missing character: There is no z (U+007A) in font nullfont!
Missing character: There is no a (U+0061) in font nullfont!
Missing character: There is no a (U+0061) in font nullfont!
Missing character: There is no n (U+006E) in font nullfont!
Missing character: There is no d (U+0064) in font nullfont!
Missing character: There is no E (U+0045) in font nullfont!
Missing character: There is no n (U+006E) in font nullfont!
Missing character: There is no g (U+0067) in font nullfont!
Missing character: There is no s (U+0073) in font nullfont!
Missing character: There is no t (U+0074) in font nullfont!
Missing character: There is no l (U+006C) in font nullfont!
Missing character: There is no e (U+0065) in font nullfont!
Missing character: There is no r (U+0072) in font nullfont!
Missing character: There is no 2 (U+0032) in font nullfont!
Missing character: There is no 0 (U+0030) in font nullfont!
Missing character: There is no 2 (U+0032) in font nullfont!
Missing character: There is no 5 (U+0035) in font nullfont!


<papers/A1-2/paper.pdf, id=389, page=1, 597.45207pt x 845.1575pt>
File: papers/A1-2/paper.pdf Graphic file (type pdf)
<use papers/A1-2/paper.pdf, page 1>
Package luatex.def Info: papers/A1-2/paper.pdf , page1 used on input line 505.
(luatex.def)             Requested size: 597.4506pt x 530.12714pt.
(./paper.newpax) [23



Missing character: There is no S (U+0053) in font nullfont!
Missing character: There is no o (U+006F) in font nullfont!
Missing character: There is no u (U+0075) in font nullfont!
Missing character: There is no z (U+007A) in font nullfont!
Missing character: There is no a (U+0061) in font nullfont!
Missing character: There is no a (U+0061) in font nullfont!
Missing character: There is no n (U+006E) in font nullfont!
Missing character: There is no d (U+0064) in font nullfont!
Missing character: There is no E (U+0045) in font nullfont!
Missing character: There is no n (U+006E) in font nullfont!
Missing character: There is no g (U+0067) in font nullfont!
Missing character: There is no s (U+0073) in font nullfont!
Missing character: There is no t (U+0074) in font nullfont!
Missing character: There is no l (U+006C) in font nullfont!
Missing character: There is no e (U+0065) in font nullfont!
Missing character: There is no r (U+0072) in font nullfont!
Missing character: There is no 2 (U+0032) in font nullfont!
Missing character: There is no 0 (U+0030) in font nullfont!
Missing character: There is no 2 (U+0032) in font nullfont!
Missing character: There is no 5 (U+0035) in font nullfont!
<./papers/A1-2/paper.pdf>]

<papers/A1-2/paper.pdf, id=408, page=2, 597.45207pt x 845.1575pt>
File: papers/A1-2/paper.pdf Graphic file (type pdf)
<use papers/A1-2/paper.pdf, page 2>
Package luatex.def Info: papers/A1-2/paper.pdf , page2 used on input line 505.
(luatex.def)             Requested size: 597.4506pt x 672.39056pt.
(./paper.newpax) [24<./papers/A1-2/paper.pdf>]

<papers/A1-2/paper.pdf, id=417, page=3, 597.45207pt x 845.1575pt>
File: papers/A1-2/paper.pdf Graphic file (type pdf)
<use papers/A1-2/paper.pdf, page 3>
Package luatex.def Info: papers/A1-2/paper.pdf , page3 used on input line 505.
(luatex.def)             Requested size: 597.4506pt x 672.39056pt.
(./paper.newpax) [25<./papers/A1-2/paper.pdf>]

<papers/A1-2/paper.pdf, id=424, page=4, 597.45207pt x 845.1575pt>
File: papers/A1-2/paper.pdf Graphic file (type pdf)
<use papers/A1-2/paper.pdf, page 4>
Package luatex.def Info: papers/A1-2/paper.pdf , page4 used on input line 505.
(luatex.def)             Requested size: 597.4506pt x 672.39056pt.
(./paper.newpax) [26<./papers/A1-2/paper.pdf>]

<papers/A1-2/paper.pdf, id=432, page=5, 597.45207pt x 845.1575pt>
File: papers/A1-2/paper.pdf Graphic file (type pdf)
<use papers/A1-2/paper.pdf, page 5>
Package luatex.def Info: papers/A1-2/paper.pdf , page5 used on input line 505.
(luatex.def)             Requested size: 597.4506pt x 672.39056pt.
(./paper.newpax) [27<./papers/A1-2/paper.pdf>]

<papers/A1-2/paper.pdf, id=439, page=6, 597.45207pt x 845.1575pt>
File: papers/A1-2/paper.pdf Graphic file (type pdf)
<use papers/A1-2/paper.pdf, page 6>
Package luatex.def Info: papers/A1-2/paper.pdf , page6 used on input line 505.
(luatex.def)             Requested size: 597.4506pt x 672.39056pt.
(./paper.newpax) [28<./papers/A1-2/paper.pdf>]

<papers/A1-2/paper.pdf, id=446, page=7, 597.45207pt x 845.1575pt>
File: papers/A1-2/paper.pdf Graphic file (type pdf)
<use papers/A1-2/paper.pdf, page 7>
Package luatex.def Info: papers/A1-2/paper.pdf , page7 used on input line 505.
(luatex.def)             Requested size: 597.4506pt x 672.39056pt.
(./paper.newpax) [29<./papers/A1-2/paper.pdf>]

<papers/A1-2/paper.pdf, id=458, page=8, 597.45207pt x 845.1575pt>
File: papers/A1-2/paper.pdf Graphic file (type pdf)
<use papers/A1-2/paper.pdf, page 8>
Package luatex.def Info: papers/A1-2/paper.pdf , page8 used on input line 505.
(luatex.def)             Requested size: 597.4506pt x 672.39056pt.
(./paper.newpax) [30<./papers/A1-2/paper.pdf>]

<papers/A1-2/paper.pdf, id=465, page=9, 597.45207pt x 845.1575pt>
File: papers/A1-2/paper.pdf Graphic file (type pdf)
<use papers/A1-2/paper.pdf, page 9>
Package luatex.def Info: papers/A1-2/paper.pdf , page9 used on input line 505.
(luatex.def)             Requested size: 597.4506pt x 672.39056pt.
(./paper.newpax) [31<./papers/A1-2/paper.pdf>]

<papers/A1-2/paper.pdf, id=473, page=10, 597.45207pt x 845.1575pt>
File: papers/A1-2/paper.pdf Graphic file (type pdf)
<use papers/A1-2/paper.pdf, page 10>
Package luatex.def Info: papers/A1-2/paper.pdf , page10 used on input line 505.

(luatex.def)             Requested size: 597.4506pt x 672.39056pt.
(./paper.newpax) [32<./papers/A1-2/paper.pdf>]

Package hyperref Warning: Token not allowed in a PDF string (Unicode):
(hyperref)                removing `\unskip' on input line 511.


Package hyperref Warning: Token not allowed in a PDF string (Unicode):
(hyperref)                removing `\unskip' on input line 511.

Missing character: There is no W (U+0057) in font nullfont!
Missing character: There is no e (U+0065) in font nullfont!
Missing character: There is no r (U+0072) in font nullfont!
Missing character: There is no n (U+006E) in font nullfont!
Missing character: There is no e (U+0065) in font nullfont!
Missing character: There is no r (U+0072) in font nullfont!
Missing character: There is no , (U+002C) in font nullfont!
Missing character: There is no T (U+0054) in font nullfont!
Missing character: There is no h (U+0068) in font nullfont!
Missing character: There is no i (U+0069) in font nullfont!
Missing character: There is no m (U+006D) in font nullfont!
Missing character: There is no m (U+006D) in font nullfont!
Missing character: There is no , (U+002C) in font nullfont!
Missing character: There is no a (U+0061) in font nullfont!
Missing character: There is no n (U+006E) in font nullfont!
Missing character: There is no d (U+0064) in font nullfont!
Missing character: There is no H (U+0048) in font nullfont!
Missing character: There is no a (U+0061) in font nullfont!
Missing character: There is no m (U+006D) in font nullfont!
Missing character: There is no m (U+006D) in font nullfont!
Missing character: There is no a (U+0061) in font nullfont!
Missing character: There is no n (U+006E) in font nullfont!
Missing character: There is no n (U+006E) in font nullfont!
Missing character: There is no 2 (U+0032) in font nullfont!
Missing character: There is no 0 (U+0030) in font nullfont!
Missing character: There is no 2 (U+0032) in font nullfont!
Missing character: There is no 5 (U+0035) in font nullfont!
Missing character: There is no W (U+0057) in font nullfont!
Missing character: There is no e (U+0065) in font nullfont!
Missing character: There is no r (U+0072) in font nullfont!
Missing character: There is no n (U+006E) in font nullfont!
Missing character: There is no e (U+0065) in font nullfont!
Missing character: There is no r (U+0072) in font nullfont!
Missing character: There is no , (U+002C) in font nullfont!
Missing character: There is no T (U+0054) in font nullfont!
Missing character: There is no h (U+0068) in font nullfont!
Missing character: There is no i (U+0069) in font nullfont!
Missing character: There is no m (U+006D) in font nullfont!
Missing character: There is no m (U+006D) in font nullfont!
Missing character: There is no , (U+002C) in font nullfont!
Missing character: There is no a (U+0061) in font nullfont!
Missing character: There is no n (U+006E) in font nullfont!
Missing character: There is no d (U+0064) in font nullfont!
Missing character: There is no H (U+0048) in font nullfont!
Missing character: There is no a (U+0061) in font nullfont!
Missing character: There is no m (U+006D) in font nullfont!
Missing character: There is no m (U+006D) in font nullfont!
Missing character: There is no a (U+0061) in font nullfont!
Missing character: There is no n (U+006E) in font nullfont!
Missing character: There is no n (U+006E) in font nullfont!
Missing character: There is no 2 (U+0032) in font nullfont!
Missing character: There is no 0 (U+0030) in font nullfont!
Missing character: There is no 2 (U+0032) in font nullfont!
Missing character: There is no 5 (U+0035) in font nullfont!


<papers/A1-3/paper.pdf, id=482, page=1, 597.45207pt x 845.1575pt>
File: papers/A1-3/paper.pdf Graphic file (type pdf)
<use papers/A1-3/paper.pdf, page 1>
Package luatex.def Info: papers/A1-3/paper.pdf , page1 used on input line 511.
(luatex.def)             Requested size: 597.4506pt x 530.12714pt.
(./paper.newpax) [33



Missing character: There is no W (U+0057) in font nullfont!
Missing character: There is no e (U+0065) in font nullfont!
Missing character: There is no r (U+0072) in font nullfont!
Missing character: There is no n (U+006E) in font nullfont!
Missing character: There is no e (U+0065) in font nullfont!
Missing character: There is no r (U+0072) in font nullfont!
Missing character: There is no , (U+002C) in font nullfont!
Missing character: There is no T (U+0054) in font nullfont!
Missing character: There is no h (U+0068) in font nullfont!
Missing character: There is no i (U+0069) in font nullfont!
Missing character: There is no m (U+006D) in font nullfont!
Missing character: There is no m (U+006D) in font nullfont!
Missing character: There is no , (U+002C) in font nullfont!
Missing character: There is no a (U+0061) in font nullfont!
Missing character: There is no n (U+006E) in font nullfont!
Missing character: There is no d (U+0064) in font nullfont!
Missing character: There is no H (U+0048) in font nullfont!
Missing character: There is no a (U+0061) in font nullfont!
Missing character: There is no m (U+006D) in font nullfont!
Missing character: There is no m (U+006D) in font nullfont!
Missing character: There is no a (U+0061) in font nullfont!
Missing character: There is no n (U+006E) in font nullfont!
Missing character: There is no n (U+006E) in font nullfont!
Missing character: There is no 2 (U+0032) in font nullfont!
Missing character: There is no 0 (U+0030) in font nullfont!
Missing character: There is no 2 (U+0032) in font nullfont!
Missing character: There is no 5 (U+0035) in font nullfont!
<./papers/A1-3/paper.pdf>]

<papers/A1-3/paper.pdf, id=497, page=2, 597.45207pt x 845.1575pt>
File: papers/A1-3/paper.pdf Graphic file (type pdf)
<use papers/A1-3/paper.pdf, page 2>
Package luatex.def Info: papers/A1-3/paper.pdf , page2 used on input line 511.
(luatex.def)             Requested size: 597.4506pt x 672.39056pt.
(./paper.newpax) [34<./papers/A1-3/paper.pdf>]

<papers/A1-3/paper.pdf, id=504, page=3, 597.45207pt x 845.1575pt>
File: papers/A1-3/paper.pdf Graphic file (type pdf)
<use papers/A1-3/paper.pdf, page 3>
Package luatex.def Info: papers/A1-3/paper.pdf , page3 used on input line 511.
(luatex.def)             Requested size: 597.4506pt x 672.39056pt.
(./paper.newpax) [35<./papers/A1-3/paper.pdf>]

<papers/A1-3/paper.pdf, id=511, page=4, 597.45207pt x 845.1575pt>
File: papers/A1-3/paper.pdf Graphic file (type pdf)
<use papers/A1-3/paper.pdf, page 4>
Package luatex.def Info: papers/A1-3/paper.pdf , page4 used on input line 511.
(luatex.def)             Requested size: 597.4506pt x 672.39056pt.
(./paper.newpax) [36<./papers/A1-3/paper.pdf>]

<papers/A1-3/paper.pdf, id=521, page=5, 597.45207pt x 845.1575pt>
File: papers/A1-3/paper.pdf Graphic file (type pdf)
<use papers/A1-3/paper.pdf, page 5>
Package luatex.def Info: papers/A1-3/paper.pdf , page5 used on input line 511.
(luatex.def)             Requested size: 597.4506pt x 672.39056pt.
(./paper.newpax) [37<./papers/A1-3/paper.pdf>]

<papers/A1-3/paper.pdf, id=528, page=6, 597.45207pt x 845.1575pt>
File: papers/A1-3/paper.pdf Graphic file (type pdf)
<use papers/A1-3/paper.pdf, page 6>
Package luatex.def Info: papers/A1-3/paper.pdf , page6 used on input line 511.
(luatex.def)             Requested size: 597.4506pt x 672.39056pt.
(./paper.newpax) [38<./papers/A1-3/paper.pdf>]

<papers/A1-3/paper.pdf, id=538, page=7, 597.45207pt x 845.1575pt>
File: papers/A1-3/paper.pdf Graphic file (type pdf)
<use papers/A1-3/paper.pdf, page 7>
Package luatex.def Info: papers/A1-3/paper.pdf , page7 used on input line 511.
(luatex.def)             Requested size: 597.4506pt x 672.39056pt.
(./paper.newpax) [39<./papers/A1-3/paper.pdf>]

<papers/A1-3/paper.pdf, id=545, page=8, 597.45207pt x 845.1575pt>
File: papers/A1-3/paper.pdf Graphic file (type pdf)
<use papers/A1-3/paper.pdf, page 8>
Package luatex.def Info: papers/A1-3/paper.pdf , page8 used on input line 511.
(luatex.def)             Requested size: 597.4506pt x 672.39056pt.
(./paper.newpax) [40<./papers/A1-3/paper.pdf>]

<papers/A1-3/paper.pdf, id=552, page=9, 597.45207pt x 845.1575pt>
File: papers/A1-3/paper.pdf Graphic file (type pdf)
<use papers/A1-3/paper.pdf, page 9>
Package luatex.def Info: papers/A1-3/paper.pdf , page9 used on input line 511.
(luatex.def)             Requested size: 597.4506pt x 672.39056pt.
(./paper.newpax) [41<./papers/A1-3/paper.pdf>]

<papers/A1-3/paper.pdf, id=572, page=10, 597.45207pt x 845.1575pt>
File: papers/A1-3/paper.pdf Graphic file (type pdf)
<use papers/A1-3/paper.pdf, page 10>
Package luatex.def Info: papers/A1-3/paper.pdf , page10 used on input line 511.

(luatex.def)             Requested size: 597.4506pt x 672.39056pt.
(./paper.newpax) [42<./papers/A1-3/paper.pdf>]

[43




]

[44]
Missing character: There is no F (U+0046) in font nullfont!
Missing character: There is no e (U+0065) in font nullfont!
Missing character: There is no l (U+006C) in font nullfont!
Missing character: There is no l (U+006C) in font nullfont!
Missing character: There is no i (U+0069) in font nullfont!
Missing character: There is no n (U+006E) in font nullfont!
Missing character: There is no g (U+0067) in font nullfont!
Missing character: There is no e (U+0065) in font nullfont!
Missing character: There is no r (U+0072) in font nullfont!
Missing character: There is no 2 (U+0032) in font nullfont!
Missing character: There is no 0 (U+0030) in font nullfont!
Missing character: There is no 2 (U+0032) in font nullfont!
Missing character: There is no 5 (U+0035) in font nullfont!
Missing character: There is no F (U+0046) in font nullfont!
Missing character: There is no e (U+0065) in font nullfont!
Missing character: There is no l (U+006C) in font nullfont!
Missing character: There is no l (U+006C) in font nullfont!
Missing character: There is no i (U+0069) in font nullfont!
Missing character: There is no n (U+006E) in font nullfont!
Missing character: There is no g (U+0067) in font nullfont!
Missing character: There is no e (U+0065) in font nullfont!
Missing character: There is no r (U+0072) in font nullfont!
Missing character: There is no 2 (U+0032) in font nullfont!
Missing character: There is no 0 (U+0030) in font nullfont!
Missing character: There is no 2 (U+0032) in font nullfont!
Missing character: There is no 5 (U+0035) in font nullfont!


<papers/A2-1/paper.pdf, id=590, page=1, 597.50829pt x 845.04709pt>
File: papers/A2-1/paper.pdf Graphic file (type pdf)
<use papers/A2-1/paper.pdf, page 1>
Package luatex.def Info: papers/A2-1/paper.pdf , page1 used on input line 520.
(luatex.def)             Requested size: 597.50682pt x 530.01672pt.
(./paper.newpax) [45
Missing character: There is no F (U+0046) in font nullfont!
Missing character: There is no e (U+0065) in font nullfont!
Missing character: There is no l (U+006C) in font nullfont!
Missing character: There is no l (U+006C) in font nullfont!
Missing character: There is no i (U+0069) in font nullfont!
Missing character: There is no n (U+006E) in font nullfont!
Missing character: There is no g (U+0067) in font nullfont!
Missing character: There is no e (U+0065) in font nullfont!
Missing character: There is no r (U+0072) in font nullfont!
Missing character: There is no 2 (U+0032) in font nullfont!
Missing character: There is no 0 (U+0030) in font nullfont!
Missing character: There is no 2 (U+0032) in font nullfont!
Missing character: There is no 5 (U+0035) in font nullfont!
<./papers/A2-1/paper.pdf>]

<papers/A2-1/paper.pdf, id=637, page=2, 597.50829pt x 845.04709pt>
File: papers/A2-1/paper.pdf Graphic file (type pdf)
<use papers/A2-1/paper.pdf, page 2>
Package luatex.def Info: papers/A2-1/paper.pdf , page2 used on input line 520.
(luatex.def)             Requested size: 597.50682pt x 672.28015pt.
(./paper.newpax) [46<./papers/A2-1/paper.pdf>]

<papers/A2-1/paper.pdf, id=673, page=3, 597.50829pt x 845.04709pt>
File: papers/A2-1/paper.pdf Graphic file (type pdf)
<use papers/A2-1/paper.pdf, page 3>
Package luatex.def Info: papers/A2-1/paper.pdf , page3 used on input line 520.
(luatex.def)             Requested size: 597.50682pt x 672.28015pt.
(./paper.newpax) [47<./papers/A2-1/paper.pdf>]

<papers/A2-1/paper.pdf, id=692, page=4, 597.50829pt x 845.04709pt>
File: papers/A2-1/paper.pdf Graphic file (type pdf)
<use papers/A2-1/paper.pdf, page 4>
Package luatex.def Info: papers/A2-1/paper.pdf , page4 used on input line 520.
(luatex.def)             Requested size: 597.50682pt x 672.28015pt.
(./paper.newpax) [48<./papers/A2-1/paper.pdf>]

<papers/A2-1/paper.pdf, id=760, page=5, 597.50829pt x 845.04709pt>
File: papers/A2-1/paper.pdf Graphic file (type pdf)
<use papers/A2-1/paper.pdf, page 5>
Package luatex.def Info: papers/A2-1/paper.pdf , page5 used on input line 520.
(luatex.def)             Requested size: 597.50682pt x 672.28015pt.
(./paper.newpax) [49<./papers/A2-1/paper.pdf>]

<papers/A2-1/paper.pdf, id=782, page=6, 597.50829pt x 845.04709pt>
File: papers/A2-1/paper.pdf Graphic file (type pdf)
<use papers/A2-1/paper.pdf, page 6>
Package luatex.def Info: papers/A2-1/paper.pdf , page6 used on input line 520.
(luatex.def)             Requested size: 597.50682pt x 672.28015pt.
(./paper.newpax) [50<./papers/A2-1/paper.pdf>]

<papers/A2-1/paper.pdf, id=796, page=7, 597.50829pt x 845.04709pt>
File: papers/A2-1/paper.pdf Graphic file (type pdf)
<use papers/A2-1/paper.pdf, page 7>
Package luatex.def Info: papers/A2-1/paper.pdf , page7 used on input line 520.
(luatex.def)             Requested size: 597.50682pt x 672.28015pt.
(./paper.newpax) [51<./papers/A2-1/paper.pdf>]

<papers/A2-1/paper.pdf, id=816, page=8, 597.50829pt x 845.04709pt>
File: papers/A2-1/paper.pdf Graphic file (type pdf)
<use papers/A2-1/paper.pdf, page 8>
Package luatex.def Info: papers/A2-1/paper.pdf , page8 used on input line 520.
(luatex.def)             Requested size: 597.50682pt x 672.28015pt.
(./paper.newpax) [52<./papers/A2-1/paper.pdf>]

<papers/A2-1/paper.pdf, id=829, page=9, 597.50829pt x 845.04709pt>
File: papers/A2-1/paper.pdf Graphic file (type pdf)
<use papers/A2-1/paper.pdf, page 9>
Package luatex.def Info: papers/A2-1/paper.pdf , page9 used on input line 520.
(luatex.def)             Requested size: 597.50682pt x 672.28015pt.
(./paper.newpax) [53<./papers/A2-1/paper.pdf>]

<papers/A2-1/paper.pdf, id=840, page=10, 597.50829pt x 845.04709pt>
File: papers/A2-1/paper.pdf Graphic file (type pdf)
<use papers/A2-1/paper.pdf, page 10>
Package luatex.def Info: papers/A2-1/paper.pdf , page10 used on input line 520.

(luatex.def)             Requested size: 597.50682pt x 672.28015pt.
(./paper.newpax) [54<./papers/A2-1/paper.pdf>]

Package hyperref Warning: Token not allowed in a PDF string (Unicode):
(hyperref)                removing `\unskip' on input line 526.


Package hyperref Warning: Token not allowed in a PDF string (Unicode):
(hyperref)                removing `\unskip' on input line 526.


Package hyperref Warning: Token not allowed in a PDF string (Unicode):
(hyperref)                removing `\unskip' on input line 526.


Package hyperref Warning: Token not allowed in a PDF string (Unicode):
(hyperref)                removing `\unskip' on input line 526.

Missing character: There is no F (U+0046) in font nullfont!
Missing character: There is no l (U+006C) in font nullfont!
Missing character: There is no o (U+006F) in font nullfont!
Missing character: There is no h (U+0068) in font nullfont!
Missing character: There is no r (U+0072) in font nullfont!
Missing character: There is no , (U+002C) in font nullfont!
Missing character: There is no B (U+0042) in font nullfont!
Missing character: There is no r (U+0072) in font nullfont!
Missing character: There is no u (U+0075) in font nullfont!
Missing character: There is no c (U+0063) in font nullfont!
Missing character: There is no k (U+006B) in font nullfont!
Missing character: There is no , (U+002C) in font nullfont!
Missing character: There is no K (U+004B) in font nullfont!
Missing character: There is no l (U+006C) in font nullfont!
Missing character: There is no e (U+0065) in font nullfont!
Missing character: There is no i (U+0069) in font nullfont!
Missing character: There is no n (U+006E) in font nullfont!
Missing character: There is no m (U+006D) in font nullfont!
Missing character: There is no a (U+0061) in font nullfont!
Missing character: There is no n (U+006E) in font nullfont!
Missing character: There is no n (U+006E) in font nullfont!
Missing character: There is no , (U+002C) in font nullfont!
Missing character: There is no B (U+0042) in font nullfont!
Missing character: There is no e (U+0065) in font nullfont!
Missing character: There is no h (U+0068) in font nullfont!
Missing character: There is no r (U+0072) in font nullfont!
Missing character: There is no e (U+0065) in font nullfont!
Missing character: There is no n (U+006E) in font nullfont!
Missing character: There is no s (U+0073) in font nullfont!
Missing character: There is no , (U+002C) in font nullfont!
Missing character: There is no a (U+0061) in font nullfont!
Missing character: There is no n (U+006E) in font nullfont!
Missing character: There is no d (U+0064) in font nullfont!
Missing character: There is no K (U+004B) in font nullfont!
Missing character: There is no a (U+0061) in font nullfont!
Missing character: There is no h (U+0068) in font nullfont!
Missing character: There is no l (U+006C) in font nullfont!
Missing character: There is no f (U+0066) in font nullfont!
Missing character: There is no e (U+0065) in font nullfont!
Missing character: There is no l (U+006C) in font nullfont!
Missing character: There is no d (U+0064) in font nullfont!
Missing character: There is no 2 (U+0032) in font nullfont!
Missing character: There is no 0 (U+0030) in font nullfont!
Missing character: There is no 2 (U+0032) in font nullfont!
Missing character: There is no 5 (U+0035) in font nullfont!
Missing character: There is no F (U+0046) in font nullfont!
Missing character: There is no l (U+006C) in font nullfont!
Missing character: There is no o (U+006F) in font nullfont!
Missing character: There is no h (U+0068) in font nullfont!
Missing character: There is no r (U+0072) in font nullfont!
Missing character: There is no , (U+002C) in font nullfont!
Missing character: There is no B (U+0042) in font nullfont!
Missing character: There is no r (U+0072) in font nullfont!
Missing character: There is no u (U+0075) in font nullfont!
Missing character: There is no c (U+0063) in font nullfont!
Missing character: There is no k (U+006B) in font nullfont!
Missing character: There is no , (U+002C) in font nullfont!
Missing character: There is no K (U+004B) in font nullfont!
Missing character: There is no l (U+006C) in font nullfont!
Missing character: There is no e (U+0065) in font nullfont!
Missing character: There is no i (U+0069) in font nullfont!
Missing character: There is no n (U+006E) in font nullfont!
Missing character: There is no m (U+006D) in font nullfont!
Missing character: There is no a (U+0061) in font nullfont!
Missing character: There is no n (U+006E) in font nullfont!
Missing character: There is no n (U+006E) in font nullfont!
Missing character: There is no , (U+002C) in font nullfont!
Missing character: There is no B (U+0042) in font nullfont!
Missing character: There is no e (U+0065) in font nullfont!
Missing character: There is no h (U+0068) in font nullfont!
Missing character: There is no r (U+0072) in font nullfont!
Missing character: There is no e (U+0065) in font nullfont!
Missing character: There is no n (U+006E) in font nullfont!
Missing character: There is no s (U+0073) in font nullfont!
Missing character: There is no , (U+002C) in font nullfont!
Missing character: There is no a (U+0061) in font nullfont!
Missing character: There is no n (U+006E) in font nullfont!
Missing character: There is no d (U+0064) in font nullfont!
Missing character: There is no K (U+004B) in font nullfont!
Missing character: There is no a (U+0061) in font nullfont!
Missing character: There is no h (U+0068) in font nullfont!
Missing character: There is no l (U+006C) in font nullfont!
Missing character: There is no f (U+0066) in font nullfont!
Missing character: There is no e (U+0065) in font nullfont!
Missing character: There is no l (U+006C) in font nullfont!
Missing character: There is no d (U+0064) in font nullfont!
Missing character: There is no 2 (U+0032) in font nullfont!
Missing character: There is no 0 (U+0030) in font nullfont!
Missing character: There is no 2 (U+0032) in font nullfont!
Missing character: There is no 5 (U+0035) in font nullfont!


<papers/A2-2/paper.pdf, id=862, page=1, 597.50829pt x 845.04709pt>
File: papers/A2-2/paper.pdf Graphic file (type pdf)
<use papers/A2-2/paper.pdf, page 1>
Package luatex.def Info: papers/A2-2/paper.pdf , page1 used on input line 526.
(luatex.def)             Requested size: 597.50682pt x 530.01672pt.
(./paper.newpax) [55



Missing character: There is no F (U+0046) in font nullfont!
Missing character: There is no l (U+006C) in font nullfont!
Missing character: There is no o (U+006F) in font nullfont!
Missing character: There is no h (U+0068) in font nullfont!
Missing character: There is no r (U+0072) in font nullfont!
Missing character: There is no , (U+002C) in font nullfont!
Missing character: There is no B (U+0042) in font nullfont!
Missing character: There is no r (U+0072) in font nullfont!
Missing character: There is no u (U+0075) in font nullfont!
Missing character: There is no c (U+0063) in font nullfont!
Missing character: There is no k (U+006B) in font nullfont!
Missing character: There is no , (U+002C) in font nullfont!
Missing character: There is no K (U+004B) in font nullfont!
Missing character: There is no l (U+006C) in font nullfont!
Missing character: There is no e (U+0065) in font nullfont!
Missing character: There is no i (U+0069) in font nullfont!
Missing character: There is no n (U+006E) in font nullfont!
Missing character: There is no m (U+006D) in font nullfont!
Missing character: There is no a (U+0061) in font nullfont!
Missing character: There is no n (U+006E) in font nullfont!
Missing character: There is no n (U+006E) in font nullfont!
Missing character: There is no , (U+002C) in font nullfont!
Missing character: There is no B (U+0042) in font nullfont!
Missing character: There is no e (U+0065) in font nullfont!
Missing character: There is no h (U+0068) in font nullfont!
Missing character: There is no r (U+0072) in font nullfont!
Missing character: There is no e (U+0065) in font nullfont!
Missing character: There is no n (U+006E) in font nullfont!
Missing character: There is no s (U+0073) in font nullfont!
Missing character: There is no , (U+002C) in font nullfont!
Missing character: There is no a (U+0061) in font nullfont!
Missing character: There is no n (U+006E) in font nullfont!
Missing character: There is no d (U+0064) in font nullfont!
Missing character: There is no K (U+004B) in font nullfont!
Missing character: There is no a (U+0061) in font nullfont!
Missing character: There is no h (U+0068) in font nullfont!
Missing character: There is no l (U+006C) in font nullfont!
Missing character: There is no f (U+0066) in font nullfont!
Missing character: There is no e (U+0065) in font nullfont!
Missing character: There is no l (U+006C) in font nullfont!
Missing character: There is no d (U+0064) in font nullfont!
Missing character: There is no 2 (U+0032) in font nullfont!
Missing character: There is no 0 (U+0030) in font nullfont!
Missing character: There is no 2 (U+0032) in font nullfont!
Missing character: There is no 5 (U+0035) in font nullfont!
<./papers/A2-2/paper.pdf>]

<papers/A2-2/paper.pdf, id=916, page=2, 597.50829pt x 845.04709pt>
File: papers/A2-2/paper.pdf Graphic file (type pdf)
<use papers/A2-2/paper.pdf, page 2>
Package luatex.def Info: papers/A2-2/paper.pdf , page2 used on input line 526.
(luatex.def)             Requested size: 597.50682pt x 672.28015pt.
(./paper.newpax) [56<./papers/A2-2/paper.pdf>]

<papers/A2-2/paper.pdf, id=955, page=3, 597.50829pt x 845.04709pt>
File: papers/A2-2/paper.pdf Graphic file (type pdf)
<use papers/A2-2/paper.pdf, page 3>
Package luatex.def Info: papers/A2-2/paper.pdf , page3 used on input line 526.
(luatex.def)             Requested size: 597.50682pt x 672.28015pt.
(./paper.newpax) [57<./papers/A2-2/paper.pdf>]

<papers/A2-2/paper.pdf, id=991, page=4, 597.50829pt x 845.04709pt>
File: papers/A2-2/paper.pdf Graphic file (type pdf)
<use papers/A2-2/paper.pdf, page 4>
Package luatex.def Info: papers/A2-2/paper.pdf , page4 used on input line 526.
(luatex.def)             Requested size: 597.50682pt x 672.28015pt.
(./paper.newpax) [58<./papers/A2-2/paper.pdf>]

<papers/A2-2/paper.pdf, id=1003, page=5, 597.50829pt x 845.04709pt>
File: papers/A2-2/paper.pdf Graphic file (type pdf)
<use papers/A2-2/paper.pdf, page 5>
Package luatex.def Info: papers/A2-2/paper.pdf , page5 used on input line 526.
(luatex.def)             Requested size: 597.50682pt x 672.28015pt.
(./paper.newpax) [59<./papers/A2-2/paper.pdf>]

<papers/A2-2/paper.pdf, id=1014, page=6, 597.50829pt x 845.04709pt>
File: papers/A2-2/paper.pdf Graphic file (type pdf)
<use papers/A2-2/paper.pdf, page 6>
Package luatex.def Info: papers/A2-2/paper.pdf , page6 used on input line 526.
(luatex.def)             Requested size: 597.50682pt x 672.28015pt.
(./paper.newpax) [60<./papers/A2-2/paper.pdf>]

<papers/A2-2/paper.pdf, id=1026, page=7, 597.50829pt x 845.04709pt>
File: papers/A2-2/paper.pdf Graphic file (type pdf)
<use papers/A2-2/paper.pdf, page 7>
Package luatex.def Info: papers/A2-2/paper.pdf , page7 used on input line 526.
(luatex.def)             Requested size: 597.50682pt x 672.28015pt.
(./paper.newpax) [61<./papers/A2-2/paper.pdf>]

<papers/A2-2/paper.pdf, id=1041, page=8, 597.50829pt x 845.04709pt>
File: papers/A2-2/paper.pdf Graphic file (type pdf)
<use papers/A2-2/paper.pdf, page 8>
Package luatex.def Info: papers/A2-2/paper.pdf , page8 used on input line 526.
(luatex.def)             Requested size: 597.50682pt x 672.28015pt.
(./paper.newpax) [62<./papers/A2-2/paper.pdf>]

<papers/A2-2/paper.pdf, id=1050, page=9, 597.50829pt x 845.04709pt>
File: papers/A2-2/paper.pdf Graphic file (type pdf)
<use papers/A2-2/paper.pdf, page 9>
Package luatex.def Info: papers/A2-2/paper.pdf , page9 used on input line 526.
(luatex.def)             Requested size: 597.50682pt x 672.28015pt.
(./paper.newpax) [63<./papers/A2-2/paper.pdf>]

<papers/A2-2/paper.pdf, id=1073, page=10, 597.50829pt x 845.04709pt>
File: papers/A2-2/paper.pdf Graphic file (type pdf)
<use papers/A2-2/paper.pdf, page 10>
Package luatex.def Info: papers/A2-2/paper.pdf , page10 used on input line 526.

(luatex.def)             Requested size: 597.50682pt x 672.28015pt.
(./paper.newpax) [64<./papers/A2-2/paper.pdf>]

[65




]

[66]
Missing character: There is no E (U+0045) in font nullfont!
Missing character: There is no l (U+006C) in font nullfont!
Missing character: There is no f (U+0066) in font nullfont!
Missing character: There is no e (U+0065) in font nullfont!
Missing character: There is no k (U+006B) in font nullfont!
Missing character: There is no y (U+0079) in font nullfont!
Missing character: There is no 2 (U+0032) in font nullfont!
Missing character: There is no 0 (U+0030) in font nullfont!
Missing character: There is no 2 (U+0032) in font nullfont!
Missing character: There is no 5 (U+0035) in font nullfont!
Missing character: There is no E (U+0045) in font nullfont!
Missing character: There is no l (U+006C) in font nullfont!
Missing character: There is no f (U+0066) in font nullfont!
Missing character: There is no e (U+0065) in font nullfont!
Missing character: There is no k (U+006B) in font nullfont!
Missing character: There is no y (U+0079) in font nullfont!
Missing character: There is no 2 (U+0032) in font nullfont!
Missing character: There is no 0 (U+0030) in font nullfont!
Missing character: There is no 2 (U+0032) in font nullfont!
Missing character: There is no 5 (U+0035) in font nullfont!


<papers/A3-1/paper.pdf, id=1110, page=1, 597.55244pt x 845.0772pt>
File: papers/A3-1/paper.pdf Graphic file (type pdf)
<use papers/A3-1/paper.pdf, page 1>
Package luatex.def Info: papers/A3-1/paper.pdf , page1 used on input line 535.
(luatex.def)             Requested size: 597.55098pt x 530.04683pt.
(./paper.newpax) [67
Missing character: There is no E (U+0045) in font nullfont!
Missing character: There is no l (U+006C) in font nullfont!
Missing character: There is no f (U+0066) in font nullfont!
Missing character: There is no e (U+0065) in font nullfont!
Missing character: There is no k (U+006B) in font nullfont!
Missing character: There is no y (U+0079) in font nullfont!
Missing character: There is no 2 (U+0032) in font nullfont!
Missing character: There is no 0 (U+0030) in font nullfont!
Missing character: There is no 2 (U+0032) in font nullfont!
Missing character: There is no 5 (U+0035) in font nullfont!
<./papers/A3-1/paper.pdf>]

<papers/A3-1/paper.pdf, id=1137, page=2, 597.55244pt x 845.0772pt>
File: papers/A3-1/paper.pdf Graphic file (type pdf)
<use papers/A3-1/paper.pdf, page 2>
Package luatex.def Info: papers/A3-1/paper.pdf , page2 used on input line 535.
(luatex.def)             Requested size: 597.55098pt x 672.31026pt.
(./paper.newpax) [68<./papers/A3-1/paper.pdf>]

<papers/A3-1/paper.pdf, id=1144, page=3, 597.55244pt x 845.0772pt>
File: papers/A3-1/paper.pdf Graphic file (type pdf)
<use papers/A3-1/paper.pdf, page 3>
Package luatex.def Info: papers/A3-1/paper.pdf , page3 used on input line 535.
(luatex.def)             Requested size: 597.55098pt x 672.31026pt.
(./paper.newpax) [69<./papers/A3-1/paper.pdf>]

<papers/A3-1/paper.pdf, id=1155, page=4, 597.55244pt x 845.0772pt>
File: papers/A3-1/paper.pdf Graphic file (type pdf)
<use papers/A3-1/paper.pdf, page 4>
Package luatex.def Info: papers/A3-1/paper.pdf , page4 used on input line 535.
(luatex.def)             Requested size: 597.55098pt x 672.31026pt.
(./paper.newpax) [70<./papers/A3-1/paper.pdf>]

<papers/A3-1/paper.pdf, id=1173, page=5, 597.55244pt x 845.0772pt>
File: papers/A3-1/paper.pdf Graphic file (type pdf)
<use papers/A3-1/paper.pdf, page 5>
Package luatex.def Info: papers/A3-1/paper.pdf , page5 used on input line 535.
(luatex.def)             Requested size: 597.55098pt x 672.31026pt.
(./paper.newpax) [71<./papers/A3-1/paper.pdf>]

<papers/A3-1/paper.pdf, id=1188, page=6, 597.55244pt x 845.0772pt>
File: papers/A3-1/paper.pdf Graphic file (type pdf)
<use papers/A3-1/paper.pdf, page 6>
Package luatex.def Info: papers/A3-1/paper.pdf , page6 used on input line 535.
(luatex.def)             Requested size: 597.55098pt x 672.31026pt.
(./paper.newpax) [72<./papers/A3-1/paper.pdf>]

<papers/A3-1/paper.pdf, id=1203, page=7, 597.55244pt x 845.0772pt>
File: papers/A3-1/paper.pdf Graphic file (type pdf)
<use papers/A3-1/paper.pdf, page 7>
Package luatex.def Info: papers/A3-1/paper.pdf , page7 used on input line 535.
(luatex.def)             Requested size: 597.55098pt x 672.31026pt.
(./paper.newpax) [73<./papers/A3-1/paper.pdf>]

<papers/A3-1/paper.pdf, id=1210, page=8, 597.55244pt x 845.0772pt>
File: papers/A3-1/paper.pdf Graphic file (type pdf)
<use papers/A3-1/paper.pdf, page 8>
Package luatex.def Info: papers/A3-1/paper.pdf , page8 used on input line 535.
(luatex.def)             Requested size: 597.55098pt x 672.31026pt.
(./paper.newpax) [74<./papers/A3-1/paper.pdf>]

<papers/A3-1/paper.pdf, id=1217, page=9, 597.55244pt x 845.0772pt>
File: papers/A3-1/paper.pdf Graphic file (type pdf)
<use papers/A3-1/paper.pdf, page 9>
Package luatex.def Info: papers/A3-1/paper.pdf , page9 used on input line 535.
(luatex.def)             Requested size: 597.55098pt x 672.31026pt.
(./paper.newpax) [75<./papers/A3-1/paper.pdf>]

<papers/A3-1/paper.pdf, id=1224, page=10, 597.55244pt x 845.0772pt>
File: papers/A3-1/paper.pdf Graphic file (type pdf)
<use papers/A3-1/paper.pdf, page 10>
Package luatex.def Info: papers/A3-1/paper.pdf , page10 used on input line 535.

(luatex.def)             Requested size: 597.55098pt x 672.31026pt.
(./paper.newpax) [76<./papers/A3-1/paper.pdf>]

<papers/A3-1/paper.pdf, id=1233, page=11, 597.55244pt x 845.0772pt>
File: papers/A3-1/paper.pdf Graphic file (type pdf)
<use papers/A3-1/paper.pdf, page 11>
Package luatex.def Info: papers/A3-1/paper.pdf , page11 used on input line 535.

(luatex.def)             Requested size: 597.55098pt x 672.31026pt.
(./paper.newpax) [77<./papers/A3-1/paper.pdf>]

<papers/A3-1/paper.pdf, id=1247, page=12, 597.55244pt x 845.0772pt>
File: papers/A3-1/paper.pdf Graphic file (type pdf)
<use papers/A3-1/paper.pdf, page 12>
Package luatex.def Info: papers/A3-1/paper.pdf , page12 used on input line 535.

(luatex.def)             Requested size: 597.55098pt x 672.31026pt.
(./paper.newpax) [78<./papers/A3-1/paper.pdf>]

<papers/A3-1/paper.pdf, id=1275, page=13, 597.55244pt x 845.0772pt>
File: papers/A3-1/paper.pdf Graphic file (type pdf)
<use papers/A3-1/paper.pdf, page 13>
Package luatex.def Info: papers/A3-1/paper.pdf , page13 used on input line 535.

(luatex.def)             Requested size: 597.55098pt x 672.31026pt.
(./paper.newpax) [79<./papers/A3-1/paper.pdf>]

<papers/A3-1/paper.pdf, id=1282, page=14, 597.55244pt x 845.0772pt>
File: papers/A3-1/paper.pdf Graphic file (type pdf)
<use papers/A3-1/paper.pdf, page 14>
Package luatex.def Info: papers/A3-1/paper.pdf , page14 used on input line 535.

(luatex.def)             Requested size: 597.55098pt x 672.31026pt.
(./paper.newpax) [80<./papers/A3-1/paper.pdf>]

<papers/A3-1/paper.pdf, id=1289, page=15, 597.55244pt x 845.0772pt>
File: papers/A3-1/paper.pdf Graphic file (type pdf)
<use papers/A3-1/paper.pdf, page 15>
Package luatex.def Info: papers/A3-1/paper.pdf , page15 used on input line 535.

(luatex.def)             Requested size: 597.55098pt x 672.31026pt.
(./paper.newpax) [81<./papers/A3-1/paper.pdf>]

[82


]

Package hyperref Warning: Token not allowed in a PDF string (Unicode):
(hyperref)                removing `\unskip' on input line 541.


Package hyperref Warning: Token not allowed in a PDF string (Unicode):
(hyperref)                removing `\unskip' on input line 541.


Package hyperref Warning: Token not allowed in a PDF string (Unicode):
(hyperref)                removing `\unskip' on input line 541.


Package hyperref Warning: Token not allowed in a PDF string (Unicode):
(hyperref)                removing `\unskip' on input line 541.

Missing character: There is no F (U+0046) in font nullfont!
Missing character: There is no u (U+0075) in font nullfont!
Missing character: There is no c (U+0063) in font nullfont!
Missing character: There is no h (U+0068) in font nullfont!
Missing character: There is no s (U+0073) in font nullfont!
Missing character: There is no - (U+002D) in font nullfont!
Missing character: There is no - (U+002D) in font nullfont!
Missing character: There is no K (U+004B) in font nullfont!
Missing character: There is no i (U+0069) in font nullfont!
Missing character: There is no t (U+0074) in font nullfont!
Missing character: There is no t (U+0074) in font nullfont!
Missing character: There is no o (U+006F) in font nullfont!
Missing character: There is no w (U+0077) in font nullfont!
Missing character: There is no s (U+0073) in font nullfont!
Missing character: There is no k (U+006B) in font nullfont!
Missing character: There is no i (U+0069) in font nullfont!
Missing character: There is no , (U+002C) in font nullfont!
Missing character: There is no D (U+0044) in font nullfont!
Missing character: There is no e (U+0065) in font nullfont!
Missing character: There is no h (U+0068) in font nullfont!
Missing character: There is no a (U+0061) in font nullfont!
Missing character: There is no r (U+0072) in font nullfont!
Missing character: There is no d (U+0064) in font nullfont!
Missing character: There is no e (U+0065) in font nullfont!
Missing character: There is no , (U+002C) in font nullfont!
Missing character: There is no S (U+0053) in font nullfont!
Missing character: There is no t (U+0074) in font nullfont!
Missing character: There is no a (U+0061) in font nullfont!
Missing character: There is no r (U+0072) in font nullfont!
Missing character: There is no z (U+007A) in font nullfont!
Missing character: There is no l (U+006C) in font nullfont!
Missing character: There is no , (U+002C) in font nullfont!
Missing character: There is no P (U+0050) in font nullfont!
Missing character: There is no o (U+006F) in font nullfont!
Missing character: There is no p (U+0070) in font nullfont!
Missing character: There is no p (U+0070) in font nullfont!
Missing character: There is no e (U+0065) in font nullfont!
Missing character: There is no l (U+006C) in font nullfont!
Missing character: There is no , (U+002C) in font nullfont!
Missing character: There is no a (U+0061) in font nullfont!
Missing character: There is no n (U+006E) in font nullfont!
Missing character: There is no d (U+0064) in font nullfont!
Missing character: There is no B (U+0042) in font nullfont!
Missing character: There is no u (U+0075) in font nullfont!
Missing character: There is no r (U+0072) in font nullfont!
Missing character: There is no k (U+006B) in font nullfont!
Missing character: There is no a (U+0061) in font nullfont!
Missing character: There is no r (U+0072) in font nullfont!
Missing character: There is no d (U+0064) in font nullfont!
Missing character: There is no 2 (U+0032) in font nullfont!
Missing character: There is no 0 (U+0030) in font nullfont!
Missing character: There is no 2 (U+0032) in font nullfont!
Missing character: There is no 5 (U+0035) in font nullfont!
Missing character: There is no F (U+0046) in font nullfont!
Missing character: There is no u (U+0075) in font nullfont!
Missing character: There is no c (U+0063) in font nullfont!
Missing character: There is no h (U+0068) in font nullfont!
Missing character: There is no s (U+0073) in font nullfont!
Missing character: There is no - (U+002D) in font nullfont!
Missing character: There is no K (U+004B) in font nullfont!
Missing character: There is no i (U+0069) in font nullfont!
Missing character: There is no t (U+0074) in font nullfont!
Missing character: There is no t (U+0074) in font nullfont!
Missing character: There is no o (U+006F) in font nullfont!
Missing character: There is no w (U+0077) in font nullfont!
Missing character: There is no s (U+0073) in font nullfont!
Missing character: There is no k (U+006B) in font nullfont!
Missing character: There is no i (U+0069) in font nullfont!
Missing character: There is no , (U+002C) in font nullfont!
Missing character: There is no D (U+0044) in font nullfont!
Missing character: There is no e (U+0065) in font nullfont!
Missing character: There is no h (U+0068) in font nullfont!
Missing character: There is no a (U+0061) in font nullfont!
Missing character: There is no r (U+0072) in font nullfont!
Missing character: There is no d (U+0064) in font nullfont!
Missing character: There is no e (U+0065) in font nullfont!
Missing character: There is no , (U+002C) in font nullfont!
Missing character: There is no S (U+0053) in font nullfont!
Missing character: There is no t (U+0074) in font nullfont!
Missing character: There is no a (U+0061) in font nullfont!
Missing character: There is no r (U+0072) in font nullfont!
Missing character: There is no z (U+007A) in font nullfont!
Missing character: There is no l (U+006C) in font nullfont!
Missing character: There is no , (U+002C) in font nullfont!
Missing character: There is no P (U+0050) in font nullfont!
Missing character: There is no o (U+006F) in font nullfont!
Missing character: There is no p (U+0070) in font nullfont!
Missing character: There is no p (U+0070) in font nullfont!
Missing character: There is no e (U+0065) in font nullfont!
Missing character: There is no l (U+006C) in font nullfont!
Missing character: There is no , (U+002C) in font nullfont!
Missing character: There is no a (U+0061) in font nullfont!
Missing character: There is no n (U+006E) in font nullfont!
Missing character: There is no d (U+0064) in font nullfont!
Missing character: There is no B (U+0042) in font nullfont!
Missing character: There is no u (U+0075) in font nullfont!
Missing character: There is no r (U+0072) in font nullfont!
Missing character: There is no k (U+006B) in font nullfont!
Missing character: There is no a (U+0061) in font nullfont!
Missing character: There is no r (U+0072) in font nullfont!
Missing character: There is no d (U+0064) in font nullfont!
Missing character: There is no 2 (U+0032) in font nullfont!
Missing character: There is no 0 (U+0030) in font nullfont!
Missing character: There is no 2 (U+0032) in font nullfont!
Missing character: There is no 5 (U+0035) in font nullfont!


<papers/A3-2/paper.pdf, id=1303, page=1, 597.6729pt x 845.0772pt>
File: papers/A3-2/paper.pdf Graphic file (type pdf)
<use papers/A3-2/paper.pdf, page 1>
Package luatex.def Info: papers/A3-2/paper.pdf , page1 used on input line 541.
(luatex.def)             Requested size: 597.67143pt x 530.04683pt.
(./paper.newpax) [83
Missing character: There is no F (U+0046) in font nullfont!
Missing character: There is no u (U+0075) in font nullfont!
Missing character: There is no c (U+0063) in font nullfont!
Missing character: There is no h (U+0068) in font nullfont!
Missing character: There is no s (U+0073) in font nullfont!
Missing character: There is no - (U+002D) in font nullfont!
Missing character: There is no K (U+004B) in font nullfont!
Missing character: There is no i (U+0069) in font nullfont!
Missing character: There is no t (U+0074) in font nullfont!
Missing character: There is no t (U+0074) in font nullfont!
Missing character: There is no o (U+006F) in font nullfont!
Missing character: There is no w (U+0077) in font nullfont!
Missing character: There is no s (U+0073) in font nullfont!
Missing character: There is no k (U+006B) in font nullfont!
Missing character: There is no i (U+0069) in font nullfont!
Missing character: There is no , (U+002C) in font nullfont!
Missing character: There is no D (U+0044) in font nullfont!
Missing character: There is no e (U+0065) in font nullfont!
Missing character: There is no h (U+0068) in font nullfont!
Missing character: There is no a (U+0061) in font nullfont!
Missing character: There is no r (U+0072) in font nullfont!
Missing character: There is no d (U+0064) in font nullfont!
Missing character: There is no e (U+0065) in font nullfont!
Missing character: There is no , (U+002C) in font nullfont!
Missing character: There is no S (U+0053) in font nullfont!
Missing character: There is no t (U+0074) in font nullfont!
Missing character: There is no a (U+0061) in font nullfont!
Missing character: There is no r (U+0072) in font nullfont!
Missing character: There is no z (U+007A) in font nullfont!
Missing character: There is no l (U+006C) in font nullfont!
Missing character: There is no , (U+002C) in font nullfont!
Missing character: There is no P (U+0050) in font nullfont!
Missing character: There is no o (U+006F) in font nullfont!
Missing character: There is no p (U+0070) in font nullfont!
Missing character: There is no p (U+0070) in font nullfont!
Missing character: There is no e (U+0065) in font nullfont!
Missing character: There is no l (U+006C) in font nullfont!
Missing character: There is no , (U+002C) in font nullfont!
Missing character: There is no a (U+0061) in font nullfont!
Missing character: There is no n (U+006E) in font nullfont!
Missing character: There is no d (U+0064) in font nullfont!
Missing character: There is no B (U+0042) in font nullfont!
Missing character: There is no u (U+0075) in font nullfont!
Missing character: There is no r (U+0072) in font nullfont!
Missing character: There is no k (U+006B) in font nullfont!
Missing character: There is no a (U+0061) in font nullfont!
Missing character: There is no r (U+0072) in font nullfont!
Missing character: There is no d (U+0064) in font nullfont!
Missing character: There is no 2 (U+0032) in font nullfont!
Missing character: There is no 0 (U+0030) in font nullfont!
Missing character: There is no 2 (U+0032) in font nullfont!
Missing character: There is no 5 (U+0035) in font nullfont!
<./papers/A3-2/paper.pdf>]

<papers/A3-2/paper.pdf, id=1354, page=2, 597.6729pt x 845.0772pt>
File: papers/A3-2/paper.pdf Graphic file (type pdf)
<use papers/A3-2/paper.pdf, page 2>
Package luatex.def Info: papers/A3-2/paper.pdf , page2 used on input line 541.
(luatex.def)             Requested size: 597.67143pt x 672.31026pt.
(./paper.newpax) [84<./papers/A3-2/paper.pdf>]

<papers/A3-2/paper.pdf, id=1361, page=3, 597.6729pt x 845.0772pt>
File: papers/A3-2/paper.pdf Graphic file (type pdf)
<use papers/A3-2/paper.pdf, page 3>
Package luatex.def Info: papers/A3-2/paper.pdf , page3 used on input line 541.
(luatex.def)             Requested size: 597.67143pt x 672.31026pt.
(./paper.newpax) [85<./papers/A3-2/paper.pdf>]

<papers/A3-2/paper.pdf, id=1372, page=4, 597.6729pt x 845.0772pt>
File: papers/A3-2/paper.pdf Graphic file (type pdf)
<use papers/A3-2/paper.pdf, page 4>
Package luatex.def Info: papers/A3-2/paper.pdf , page4 used on input line 541.
(luatex.def)             Requested size: 597.67143pt x 672.31026pt.
(./paper.newpax) [86<./papers/A3-2/paper.pdf>]

<papers/A3-2/paper.pdf, id=1381, page=5, 597.6729pt x 845.0772pt>
File: papers/A3-2/paper.pdf Graphic file (type pdf)
<use papers/A3-2/paper.pdf, page 5>
Package luatex.def Info: papers/A3-2/paper.pdf , page5 used on input line 541.
(luatex.def)             Requested size: 597.67143pt x 672.31026pt.
(./paper.newpax) [87<./papers/A3-2/paper.pdf>]

<papers/A3-2/paper.pdf, id=1390, page=6, 597.6729pt x 845.0772pt>
File: papers/A3-2/paper.pdf Graphic file (type pdf)
<use papers/A3-2/paper.pdf, page 6>
Package luatex.def Info: papers/A3-2/paper.pdf , page6 used on input line 541.
(luatex.def)             Requested size: 597.67143pt x 672.31026pt.
(./paper.newpax) [88<./papers/A3-2/paper.pdf>]

<papers/A3-2/paper.pdf, id=1401, page=7, 597.6729pt x 845.0772pt>
File: papers/A3-2/paper.pdf Graphic file (type pdf)
<use papers/A3-2/paper.pdf, page 7>
Package luatex.def Info: papers/A3-2/paper.pdf , page7 used on input line 541.
(luatex.def)             Requested size: 597.67143pt x 672.31026pt.
(./paper.newpax) [89<./papers/A3-2/paper.pdf>]

<papers/A3-2/paper.pdf, id=1412, page=8, 597.6729pt x 845.0772pt>
File: papers/A3-2/paper.pdf Graphic file (type pdf)
<use papers/A3-2/paper.pdf, page 8>
Package luatex.def Info: papers/A3-2/paper.pdf , page8 used on input line 541.
(luatex.def)             Requested size: 597.67143pt x 672.31026pt.
(./paper.newpax) [90<./papers/A3-2/paper.pdf>]

<papers/A3-2/paper.pdf, id=1419, page=9, 597.6729pt x 845.0772pt>
File: papers/A3-2/paper.pdf Graphic file (type pdf)
<use papers/A3-2/paper.pdf, page 9>
Package luatex.def Info: papers/A3-2/paper.pdf , page9 used on input line 541.
(luatex.def)             Requested size: 597.67143pt x 672.31026pt.
(./paper.newpax) [91<./papers/A3-2/paper.pdf>]

<papers/A3-2/paper.pdf, id=1427, page=10, 597.6729pt x 845.0772pt>
File: papers/A3-2/paper.pdf Graphic file (type pdf)
<use papers/A3-2/paper.pdf, page 10>
Package luatex.def Info: papers/A3-2/paper.pdf , page10 used on input line 541.

(luatex.def)             Requested size: 597.67143pt x 672.31026pt.
(./paper.newpax) [92<./papers/A3-2/paper.pdf>]
Missing character: There is no K (U+004B) in font nullfont!
Missing character: There is no o (U+006F) in font nullfont!
Missing character: There is no r (U+0072) in font nullfont!
Missing character: There is no a (U+0061) in font nullfont!
Missing character: There is no v (U+0076) in font nullfont!
Missing character: There is no i (U+0069) in font nullfont!
Missing character: There is no 2 (U+0032) in font nullfont!
Missing character: There is no 0 (U+0030) in font nullfont!
Missing character: There is no 2 (U+0032) in font nullfont!
Missing character: There is no 5 (U+0035) in font nullfont!
Missing character: There is no K (U+004B) in font nullfont!
Missing character: There is no o (U+006F) in font nullfont!
Missing character: There is no r (U+0072) in font nullfont!
Missing character: There is no a (U+0061) in font nullfont!
Missing character: There is no v (U+0076) in font nullfont!
Missing character: There is no i (U+0069) in font nullfont!
Missing character: There is no 2 (U+0032) in font nullfont!
Missing character: There is no 0 (U+0030) in font nullfont!
Missing character: There is no 2 (U+0032) in font nullfont!
Missing character: There is no 5 (U+0035) in font nullfont!


<papers/A3-3/paper.pdf, id=1436, page=1, 597.50829pt x 845.04709pt>
File: papers/A3-3/paper.pdf Graphic file (type pdf)
<use papers/A3-3/paper.pdf, page 1>
Package luatex.def Info: papers/A3-3/paper.pdf , page1 used on input line 547.
(luatex.def)             Requested size: 597.50682pt x 530.01672pt.
(./paper.newpax) [93



Missing character: There is no K (U+004B) in font nullfont!
Missing character: There is no o (U+006F) in font nullfont!
Missing character: There is no r (U+0072) in font nullfont!
Missing character: There is no a (U+0061) in font nullfont!
Missing character: There is no v (U+0076) in font nullfont!
Missing character: There is no i (U+0069) in font nullfont!
Missing character: There is no 2 (U+0032) in font nullfont!
Missing character: There is no 0 (U+0030) in font nullfont!
Missing character: There is no 2 (U+0032) in font nullfont!
Missing character: There is no 5 (U+0035) in font nullfont!
<./papers/A3-3/paper.pdf>]

<papers/A3-3/paper.pdf, id=1480, page=2, 597.50829pt x 845.04709pt>
File: papers/A3-3/paper.pdf Graphic file (type pdf)
<use papers/A3-3/paper.pdf, page 2>
Package luatex.def Info: papers/A3-3/paper.pdf , page2 used on input line 547.
(luatex.def)             Requested size: 597.50682pt x 672.28015pt.
(./paper.newpax) [94<./papers/A3-3/paper.pdf>]

<papers/A3-3/paper.pdf, id=1498, page=3, 597.50829pt x 845.04709pt>
File: papers/A3-3/paper.pdf Graphic file (type pdf)
<use papers/A3-3/paper.pdf, page 3>
Package luatex.def Info: papers/A3-3/paper.pdf , page3 used on input line 547.
(luatex.def)             Requested size: 597.50682pt x 672.28015pt.
(./paper.newpax) [95<./papers/A3-3/paper.pdf>]

<papers/A3-3/paper.pdf, id=1510, page=4, 597.50829pt x 845.04709pt>
File: papers/A3-3/paper.pdf Graphic file (type pdf)
<use papers/A3-3/paper.pdf, page 4>
Package luatex.def Info: papers/A3-3/paper.pdf , page4 used on input line 547.
(luatex.def)             Requested size: 597.50682pt x 672.28015pt.
(./paper.newpax) [96<./papers/A3-3/paper.pdf>]

<papers/A3-3/paper.pdf, id=1538, page=5, 597.50829pt x 845.04709pt>
File: papers/A3-3/paper.pdf Graphic file (type pdf)
<use papers/A3-3/paper.pdf, page 5>
Package luatex.def Info: papers/A3-3/paper.pdf , page5 used on input line 547.
(luatex.def)             Requested size: 597.50682pt x 672.28015pt.
(./paper.newpax) [97<./papers/A3-3/paper.pdf>]

<papers/A3-3/paper.pdf, id=1563, page=6, 597.50829pt x 845.04709pt>
File: papers/A3-3/paper.pdf Graphic file (type pdf)
<use papers/A3-3/paper.pdf, page 6>
Package luatex.def Info: papers/A3-3/paper.pdf , page6 used on input line 547.
(luatex.def)             Requested size: 597.50682pt x 672.28015pt.
(./paper.newpax) [98<./papers/A3-3/paper.pdf>]

<papers/A3-3/paper.pdf, id=1574, page=7, 597.50829pt x 845.04709pt>
File: papers/A3-3/paper.pdf Graphic file (type pdf)
<use papers/A3-3/paper.pdf, page 7>
Package luatex.def Info: papers/A3-3/paper.pdf , page7 used on input line 547.
(luatex.def)             Requested size: 597.50682pt x 672.28015pt.
(./paper.newpax) [99<./papers/A3-3/paper.pdf>]

<papers/A3-3/paper.pdf, id=1582, page=8, 597.50829pt x 845.04709pt>
File: papers/A3-3/paper.pdf Graphic file (type pdf)
<use papers/A3-3/paper.pdf, page 8>
Package luatex.def Info: papers/A3-3/paper.pdf , page8 used on input line 547.
(luatex.def)             Requested size: 597.50682pt x 672.28015pt.
(./paper.newpax) [100<./papers/A3-3/paper.pdf>]

<papers/A3-3/paper.pdf, id=1593, page=9, 597.50829pt x 845.04709pt>
File: papers/A3-3/paper.pdf Graphic file (type pdf)
<use papers/A3-3/paper.pdf, page 9>
Package luatex.def Info: papers/A3-3/paper.pdf , page9 used on input line 547.
(luatex.def)             Requested size: 597.50682pt x 672.28015pt.
(./paper.newpax) [101<./papers/A3-3/paper.pdf>]

<papers/A3-3/paper.pdf, id=1604, page=10, 597.50829pt x 845.04709pt>
File: papers/A3-3/paper.pdf Graphic file (type pdf)
<use papers/A3-3/paper.pdf, page 10>
Package luatex.def Info: papers/A3-3/paper.pdf , page10 used on input line 547.

(luatex.def)             Requested size: 597.50682pt x 672.28015pt.
(./paper.newpax) [102<./papers/A3-3/paper.pdf>]

Package hyperref Warning: Token not allowed in a PDF string (Unicode):
(hyperref)                removing `\unskip' on input line 553.

Missing character: There is no N (U+004E) in font nullfont!
Missing character: There is no a (U+0061) in font nullfont!
Missing character: There is no c (U+0063) in font nullfont!
Missing character: There is no h (U+0068) in font nullfont!
Missing character: There is no t (U+0074) in font nullfont!
Missing character: There is no s (U+0073) in font nullfont!
Missing character: There is no h (U+0068) in font nullfont!
Missing character: There is no e (U+0065) in font nullfont!
Missing character: There is no i (U+0069) in font nullfont!
Missing character: There is no m (U+006D) in font nullfont!
Missing character: There is no a (U+0061) in font nullfont!
Missing character: There is no n (U+006E) in font nullfont!
Missing character: There is no d (U+0064) in font nullfont!
Missing character: There is no A (U+0041) in font nullfont!
Missing character: There is no r (U+0072) in font nullfont!
Missing character: There is no n (U+006E) in font nullfont!
Missing character: There is no d (U+0064) in font nullfont!
Missing character: There is no t (U+0074) in font nullfont!
Missing character: There is no 2 (U+0032) in font nullfont!
Missing character: There is no 0 (U+0030) in font nullfont!
Missing character: There is no 2 (U+0032) in font nullfont!
Missing character: There is no 5 (U+0035) in font nullfont!
Missing character: There is no N (U+004E) in font nullfont!
Missing character: There is no a (U+0061) in font nullfont!
Missing character: There is no c (U+0063) in font nullfont!
Missing character: There is no h (U+0068) in font nullfont!
Missing character: There is no t (U+0074) in font nullfont!
Missing character: There is no s (U+0073) in font nullfont!
Missing character: There is no h (U+0068) in font nullfont!
Missing character: There is no e (U+0065) in font nullfont!
Missing character: There is no i (U+0069) in font nullfont!
Missing character: There is no m (U+006D) in font nullfont!
Missing character: There is no a (U+0061) in font nullfont!
Missing character: There is no n (U+006E) in font nullfont!
Missing character: There is no d (U+0064) in font nullfont!
Missing character: There is no A (U+0041) in font nullfont!
Missing character: There is no r (U+0072) in font nullfont!
Missing character: There is no n (U+006E) in font nullfont!
Missing character: There is no d (U+0064) in font nullfont!
Missing character: There is no t (U+0074) in font nullfont!
Missing character: There is no 2 (U+0032) in font nullfont!
Missing character: There is no 0 (U+0030) in font nullfont!
Missing character: There is no 2 (U+0032) in font nullfont!
Missing character: There is no 5 (U+0035) in font nullfont!


<papers/A3-4/paper.pdf, id=1615, page=1, 614.295pt x 794.97pt>
File: papers/A3-4/paper.pdf Graphic file (type pdf)
<use papers/A3-4/paper.pdf, page 1>
Package luatex.def Info: papers/A3-4/paper.pdf , page1 used on input line 553.
(luatex.def)             Requested size: 614.29349pt x 479.93976pt.
(./paper.newpax) [103



Missing character: There is no N (U+004E) in font nullfont!
Missing character: There is no a (U+0061) in font nullfont!
Missing character: There is no c (U+0063) in font nullfont!
Missing character: There is no h (U+0068) in font nullfont!
Missing character: There is no t (U+0074) in font nullfont!
Missing character: There is no s (U+0073) in font nullfont!
Missing character: There is no h (U+0068) in font nullfont!
Missing character: There is no e (U+0065) in font nullfont!
Missing character: There is no i (U+0069) in font nullfont!
Missing character: There is no m (U+006D) in font nullfont!
Missing character: There is no a (U+0061) in font nullfont!
Missing character: There is no n (U+006E) in font nullfont!
Missing character: There is no d (U+0064) in font nullfont!
Missing character: There is no A (U+0041) in font nullfont!
Missing character: There is no r (U+0072) in font nullfont!
Missing character: There is no n (U+006E) in font nullfont!
Missing character: There is no d (U+0064) in font nullfont!
Missing character: There is no t (U+0074) in font nullfont!
Missing character: There is no 2 (U+0032) in font nullfont!
Missing character: There is no 0 (U+0030) in font nullfont!
Missing character: There is no 2 (U+0032) in font nullfont!
Missing character: There is no 5 (U+0035) in font nullfont!
<./papers/A3-4/paper.pdf>]

<papers/A3-4/paper.pdf, id=1647, page=2, 614.295pt x 794.97pt>
File: papers/A3-4/paper.pdf Graphic file (type pdf)
<use papers/A3-4/paper.pdf, page 2>
Package luatex.def Info: papers/A3-4/paper.pdf , page2 used on input line 553.
(luatex.def)             Requested size: 614.29349pt x 622.20319pt.
(./paper.newpax) [104<./papers/A3-4/paper.pdf>]

<papers/A3-4/paper.pdf, id=1659, page=3, 614.295pt x 794.97pt>
File: papers/A3-4/paper.pdf Graphic file (type pdf)
<use papers/A3-4/paper.pdf, page 3>
Package luatex.def Info: papers/A3-4/paper.pdf , page3 used on input line 553.
(luatex.def)             Requested size: 614.29349pt x 622.20319pt.
(./paper.newpax) [105<./papers/A3-4/paper.pdf>]

<papers/A3-4/paper.pdf, id=1666, page=4, 614.295pt x 794.97pt>
File: papers/A3-4/paper.pdf Graphic file (type pdf)
<use papers/A3-4/paper.pdf, page 4>
Package luatex.def Info: papers/A3-4/paper.pdf , page4 used on input line 553.
(luatex.def)             Requested size: 614.29349pt x 622.20319pt.
(./paper.newpax) [106<./papers/A3-4/paper.pdf>]

<papers/A3-4/paper.pdf, id=1679, page=5, 614.295pt x 794.97pt>
File: papers/A3-4/paper.pdf Graphic file (type pdf)
<use papers/A3-4/paper.pdf, page 5>
Package luatex.def Info: papers/A3-4/paper.pdf , page5 used on input line 553.
(luatex.def)             Requested size: 614.29349pt x 622.20319pt.
(./paper.newpax) [107<./papers/A3-4/paper.pdf>]

<papers/A3-4/paper.pdf, id=1706, page=6, 614.295pt x 794.97pt>
File: papers/A3-4/paper.pdf Graphic file (type pdf)
<use papers/A3-4/paper.pdf, page 6>
Package luatex.def Info: papers/A3-4/paper.pdf , page6 used on input line 553.
(luatex.def)             Requested size: 614.29349pt x 622.20319pt.
(./paper.newpax) [108<./papers/A3-4/paper.pdf>]

<papers/A3-4/paper.pdf, id=1713, page=7, 614.295pt x 794.97pt>
File: papers/A3-4/paper.pdf Graphic file (type pdf)
<use papers/A3-4/paper.pdf, page 7>
Package luatex.def Info: papers/A3-4/paper.pdf , page7 used on input line 553.
(luatex.def)             Requested size: 614.29349pt x 622.20319pt.
(./paper.newpax) [109<./papers/A3-4/paper.pdf>]

<papers/A3-4/paper.pdf, id=1725, page=8, 614.295pt x 794.97pt>
File: papers/A3-4/paper.pdf Graphic file (type pdf)
<use papers/A3-4/paper.pdf, page 8>
Package luatex.def Info: papers/A3-4/paper.pdf , page8 used on input line 553.
(luatex.def)             Requested size: 614.29349pt x 622.20319pt.
(./paper.newpax) [110<./papers/A3-4/paper.pdf>]

<papers/A3-4/paper.pdf, id=1732, page=9, 614.295pt x 794.97pt>
File: papers/A3-4/paper.pdf Graphic file (type pdf)
<use papers/A3-4/paper.pdf, page 9>
Package luatex.def Info: papers/A3-4/paper.pdf , page9 used on input line 553.
(luatex.def)             Requested size: 614.29349pt x 622.20319pt.
(./paper.newpax) [111<./papers/A3-4/paper.pdf>]

<papers/A3-4/paper.pdf, id=1740, page=10, 614.295pt x 794.97pt>
File: papers/A3-4/paper.pdf Graphic file (type pdf)
<use papers/A3-4/paper.pdf, page 10>
Package luatex.def Info: papers/A3-4/paper.pdf , page10 used on input line 553.

(luatex.def)             Requested size: 614.29349pt x 622.20319pt.
(./paper.newpax) [112<./papers/A3-4/paper.pdf>]

<papers/A3-4/paper.pdf, id=1747, page=11, 614.295pt x 794.97pt>
File: papers/A3-4/paper.pdf Graphic file (type pdf)
<use papers/A3-4/paper.pdf, page 11>
Package luatex.def Info: papers/A3-4/paper.pdf , page11 used on input line 553.

(luatex.def)             Requested size: 614.29349pt x 622.20319pt.
(./paper.newpax) [113<./papers/A3-4/paper.pdf>]

<papers/A3-4/paper.pdf, id=1754, page=12, 614.295pt x 794.97pt>
File: papers/A3-4/paper.pdf Graphic file (type pdf)
<use papers/A3-4/paper.pdf, page 12>
Package luatex.def Info: papers/A3-4/paper.pdf , page12 used on input line 553.

(luatex.def)             Requested size: 614.29349pt x 622.20319pt.
(./paper.newpax) [114<./papers/A3-4/paper.pdf>]

<papers/A3-4/paper.pdf, id=1761, page=13, 614.295pt x 794.97pt>
File: papers/A3-4/paper.pdf Graphic file (type pdf)
<use papers/A3-4/paper.pdf, page 13>
Package luatex.def Info: papers/A3-4/paper.pdf , page13 used on input line 553.

(luatex.def)             Requested size: 614.29349pt x 622.20319pt.
(./paper.newpax) [115<./papers/A3-4/paper.pdf>]

<papers/A3-4/paper.pdf, id=1768, page=14, 614.295pt x 794.97pt>
File: papers/A3-4/paper.pdf Graphic file (type pdf)
<use papers/A3-4/paper.pdf, page 14>
Package luatex.def Info: papers/A3-4/paper.pdf , page14 used on input line 553.

(luatex.def)             Requested size: 614.29349pt x 622.20319pt.
(./paper.newpax) [116<./papers/A3-4/paper.pdf>]

Package hyperref Warning: Token not allowed in a PDF string (Unicode):
(hyperref)                removing `\unskip' on input line 559.


Package hyperref Warning: Token not allowed in a PDF string (Unicode):
(hyperref)                removing `\unskip' on input line 559.


Package hyperref Warning: Token not allowed in a PDF string (Unicode):
(hyperref)                removing `\unskip' on input line 559.

Missing character: There is no S (U+0053) in font nullfont!
Missing character: There is no z (U+007A) in font nullfont!
Missing character: There is no a (U+0061) in font nullfont!
Missing character: There is no ł (U+0142) in font nullfont!
Missing character: There is no a (U+0061) in font nullfont!
Missing character: There is no t (U+0074) in font nullfont!
Missing character: There is no a (U+0061) in font nullfont!
Missing character: There is no , (U+002C) in font nullfont!
Missing character: There is no B (U+0042) in font nullfont!
Missing character: There is no e (U+0065) in font nullfont!
Missing character: There is no h (U+0068) in font nullfont!
Missing character: There is no r (U+0072) in font nullfont!
Missing character: There is no e (U+0065) in font nullfont!
Missing character: There is no n (U+006E) in font nullfont!
Missing character: There is no s (U+0073) in font nullfont!
Missing character: There is no , (U+002C) in font nullfont!
Missing character: There is no O (U+004F) in font nullfont!
Missing character: There is no r (U+0072) in font nullfont!
Missing character: There is no ł (U+0142) in font nullfont!
Missing character: There is no o (U+006F) in font nullfont!
Missing character: There is no w (U+0077) in font nullfont!
Missing character: There is no s (U+0073) in font nullfont!
Missing character: There is no k (U+006B) in font nullfont!
Missing character: There is no i (U+0069) in font nullfont!
Missing character: There is no , (U+002C) in font nullfont!
Missing character: There is no a (U+0061) in font nullfont!
Missing character: There is no n (U+006E) in font nullfont!
Missing character: There is no d (U+0064) in font nullfont!
Missing character: There is no G (U+0047) in font nullfont!
Missing character: There is no r (U+0072) in font nullfont!
Missing character: There is no z (U+007A) in font nullfont!
Missing character: There is no e (U+0065) in font nullfont!
Missing character: There is no s (U+0073) in font nullfont!
Missing character: There is no z (U+007A) in font nullfont!
Missing character: There is no c (U+0063) in font nullfont!
Missing character: There is no z (U+007A) in font nullfont!
Missing character: There is no y (U+0079) in font nullfont!
Missing character: There is no k (U+006B) in font nullfont!
Missing character: There is no 2 (U+0032) in font nullfont!
Missing character: There is no 0 (U+0030) in font nullfont!
Missing character: There is no 2 (U+0032) in font nullfont!
Missing character: There is no 5 (U+0035) in font nullfont!
Missing character: There is no S (U+0053) in font nullfont!
Missing character: There is no z (U+007A) in font nullfont!
Missing character: There is no a (U+0061) in font nullfont!
Missing character: There is no ł (U+0142) in font nullfont!
Missing character: There is no a (U+0061) in font nullfont!
Missing character: There is no t (U+0074) in font nullfont!
Missing character: There is no a (U+0061) in font nullfont!
Missing character: There is no , (U+002C) in font nullfont!
Missing character: There is no B (U+0042) in font nullfont!
Missing character: There is no e (U+0065) in font nullfont!
Missing character: There is no h (U+0068) in font nullfont!
Missing character: There is no r (U+0072) in font nullfont!
Missing character: There is no e (U+0065) in font nullfont!
Missing character: There is no n (U+006E) in font nullfont!
Missing character: There is no s (U+0073) in font nullfont!
Missing character: There is no , (U+002C) in font nullfont!
Missing character: There is no O (U+004F) in font nullfont!
Missing character: There is no r (U+0072) in font nullfont!
Missing character: There is no ł (U+0142) in font nullfont!
Missing character: There is no o (U+006F) in font nullfont!
Missing character: There is no w (U+0077) in font nullfont!
Missing character: There is no s (U+0073) in font nullfont!
Missing character: There is no k (U+006B) in font nullfont!
Missing character: There is no i (U+0069) in font nullfont!
Missing character: There is no , (U+002C) in font nullfont!
Missing character: There is no a (U+0061) in font nullfont!
Missing character: There is no n (U+006E) in font nullfont!
Missing character: There is no d (U+0064) in font nullfont!
Missing character: There is no G (U+0047) in font nullfont!
Missing character: There is no r (U+0072) in font nullfont!
Missing character: There is no z (U+007A) in font nullfont!
Missing character: There is no e (U+0065) in font nullfont!
Missing character: There is no s (U+0073) in font nullfont!
Missing character: There is no z (U+007A) in font nullfont!
Missing character: There is no c (U+0063) in font nullfont!
Missing character: There is no z (U+007A) in font nullfont!
Missing character: There is no y (U+0079) in font nullfont!
Missing character: There is no k (U+006B) in font nullfont!
Missing character: There is no 2 (U+0032) in font nullfont!
Missing character: There is no 0 (U+0030) in font nullfont!
Missing character: There is no 2 (U+0032) in font nullfont!
Missing character: There is no 5 (U+0035) in font nullfont!


<papers/A3-5/paper.pdf, id=1777, page=1, 597.53238pt x 845.05713pt>
File: papers/A3-5/paper.pdf Graphic file (type pdf)
<use papers/A3-5/paper.pdf, page 1>
Package luatex.def Info: papers/A3-5/paper.pdf , page1 used on input line 559.
(luatex.def)             Requested size: 597.53091pt x 530.02676pt.
(./paper.newpax) [117



Missing character: There is no S (U+0053) in font nullfont!
Missing character: There is no z (U+007A) in font nullfont!
Missing character: There is no a (U+0061) in font nullfont!
Missing character: There is no ł (U+0142) in font nullfont!
Missing character: There is no a (U+0061) in font nullfont!
Missing character: There is no t (U+0074) in font nullfont!
Missing character: There is no a (U+0061) in font nullfont!
Missing character: There is no , (U+002C) in font nullfont!
Missing character: There is no B (U+0042) in font nullfont!
Missing character: There is no e (U+0065) in font nullfont!
Missing character: There is no h (U+0068) in font nullfont!
Missing character: There is no r (U+0072) in font nullfont!
Missing character: There is no e (U+0065) in font nullfont!
Missing character: There is no n (U+006E) in font nullfont!
Missing character: There is no s (U+0073) in font nullfont!
Missing character: There is no , (U+002C) in font nullfont!
Missing character: There is no O (U+004F) in font nullfont!
Missing character: There is no r (U+0072) in font nullfont!
Missing character: There is no ł (U+0142) in font nullfont!
Missing character: There is no o (U+006F) in font nullfont!
Missing character: There is no w (U+0077) in font nullfont!
Missing character: There is no s (U+0073) in font nullfont!
Missing character: There is no k (U+006B) in font nullfont!
Missing character: There is no i (U+0069) in font nullfont!
Missing character: There is no , (U+002C) in font nullfont!
Missing character: There is no a (U+0061) in font nullfont!
Missing character: There is no n (U+006E) in font nullfont!
Missing character: There is no d (U+0064) in font nullfont!
Missing character: There is no G (U+0047) in font nullfont!
Missing character: There is no r (U+0072) in font nullfont!
Missing character: There is no z (U+007A) in font nullfont!
Missing character: There is no e (U+0065) in font nullfont!
Missing character: There is no s (U+0073) in font nullfont!
Missing character: There is no z (U+007A) in font nullfont!
Missing character: There is no c (U+0063) in font nullfont!
Missing character: There is no z (U+007A) in font nullfont!
Missing character: There is no y (U+0079) in font nullfont!
Missing character: There is no k (U+006B) in font nullfont!
Missing character: There is no 2 (U+0032) in font nullfont!
Missing character: There is no 0 (U+0030) in font nullfont!
Missing character: There is no 2 (U+0032) in font nullfont!
Missing character: There is no 5 (U+0035) in font nullfont!
<./papers/A3-5/paper.pdf>]

<papers/A3-5/paper.pdf, id=1813, page=2, 597.53238pt x 845.05713pt>
File: papers/A3-5/paper.pdf Graphic file (type pdf)
<use papers/A3-5/paper.pdf, page 2>
Package luatex.def Info: papers/A3-5/paper.pdf , page2 used on input line 559.
(luatex.def)             Requested size: 597.53091pt x 672.29019pt.
(./paper.newpax) [118<./papers/A3-5/paper.pdf>]

<papers/A3-5/paper.pdf, id=1828, page=3, 597.53238pt x 845.05713pt>
File: papers/A3-5/paper.pdf Graphic file (type pdf)
<use papers/A3-5/paper.pdf, page 3>
Package luatex.def Info: papers/A3-5/paper.pdf , page3 used on input line 559.
(luatex.def)             Requested size: 597.53091pt x 672.29019pt.
(./paper.newpax) [119<./papers/A3-5/paper.pdf>]

<papers/A3-5/paper.pdf, id=1835, page=4, 597.53238pt x 845.05713pt>
File: papers/A3-5/paper.pdf Graphic file (type pdf)
<use papers/A3-5/paper.pdf, page 4>
Package luatex.def Info: papers/A3-5/paper.pdf , page4 used on input line 559.
(luatex.def)             Requested size: 597.53091pt x 672.29019pt.
(./paper.newpax) [120<./papers/A3-5/paper.pdf>]

<papers/A3-5/paper.pdf, id=1846, page=5, 597.53238pt x 845.05713pt>
File: papers/A3-5/paper.pdf Graphic file (type pdf)
<use papers/A3-5/paper.pdf, page 5>
Package luatex.def Info: papers/A3-5/paper.pdf , page5 used on input line 559.
(luatex.def)             Requested size: 597.53091pt x 672.29019pt.
(./paper.newpax) [121<./papers/A3-5/paper.pdf>]

<papers/A3-5/paper.pdf, id=1855, page=6, 597.53238pt x 845.05713pt>
File: papers/A3-5/paper.pdf Graphic file (type pdf)
<use papers/A3-5/paper.pdf, page 6>
Package luatex.def Info: papers/A3-5/paper.pdf , page6 used on input line 559.
(luatex.def)             Requested size: 597.53091pt x 672.29019pt.
(./paper.newpax) [122<./papers/A3-5/paper.pdf>]

<papers/A3-5/paper.pdf, id=1864, page=7, 597.53238pt x 845.05713pt>
File: papers/A3-5/paper.pdf Graphic file (type pdf)
<use papers/A3-5/paper.pdf, page 7>
Package luatex.def Info: papers/A3-5/paper.pdf , page7 used on input line 559.
(luatex.def)             Requested size: 597.53091pt x 672.29019pt.
(./paper.newpax) [123<./papers/A3-5/paper.pdf>]

<papers/A3-5/paper.pdf, id=1887, page=8, 597.53238pt x 845.05713pt>
File: papers/A3-5/paper.pdf Graphic file (type pdf)
<use papers/A3-5/paper.pdf, page 8>
Package luatex.def Info: papers/A3-5/paper.pdf , page8 used on input line 559.
(luatex.def)             Requested size: 597.53091pt x 672.29019pt.
(./paper.newpax) [124<./papers/A3-5/paper.pdf>]

<papers/A3-5/paper.pdf, id=1896, page=9, 597.53238pt x 845.05713pt>
File: papers/A3-5/paper.pdf Graphic file (type pdf)
<use papers/A3-5/paper.pdf, page 9>
Package luatex.def Info: papers/A3-5/paper.pdf , page9 used on input line 559.
(luatex.def)             Requested size: 597.53091pt x 672.29019pt.
(./paper.newpax) [125<./papers/A3-5/paper.pdf>]

<papers/A3-5/paper.pdf, id=1904, page=10, 597.53238pt x 845.05713pt>
File: papers/A3-5/paper.pdf Graphic file (type pdf)
<use papers/A3-5/paper.pdf, page 10>
Package luatex.def Info: papers/A3-5/paper.pdf , page10 used on input line 559.

(luatex.def)             Requested size: 597.53091pt x 672.29019pt.
(./paper.newpax) [126<./papers/A3-5/paper.pdf>]

<papers/A3-5/paper.pdf, id=1911, page=11, 597.53238pt x 845.05713pt>
File: papers/A3-5/paper.pdf Graphic file (type pdf)
<use papers/A3-5/paper.pdf, page 11>
Package luatex.def Info: papers/A3-5/paper.pdf , page11 used on input line 559.

(luatex.def)             Requested size: 597.53091pt x 672.29019pt.
(./paper.newpax) [127<./papers/A3-5/paper.pdf>]

[128


]

[129


]

[130]

Package hyperref Warning: Token not allowed in a PDF string (Unicode):
(hyperref)                removing `\unskip' on input line 568.


Package hyperref Warning: Token not allowed in a PDF string (Unicode):
(hyperref)                removing `\unskip' on input line 568.


Package hyperref Warning: Token not allowed in a PDF string (Unicode):
(hyperref)                removing `\unskip' on input line 568.

Missing character: There is no J (U+004A) in font nullfont!
Missing character: There is no a (U+0061) in font nullfont!
Missing character: There is no h (U+0068) in font nullfont!
Missing character: There is no n (U+006E) in font nullfont!
Missing character: There is no s (U+0073) in font nullfont!
Missing character: There is no , (U+002C) in font nullfont!
Missing character: There is no J (U+004A) in font nullfont!
Missing character: There is no u (U+0075) in font nullfont!
Missing character: There is no n (U+006E) in font nullfont!
Missing character: There is no g (U+0067) in font nullfont!
Missing character: There is no e (U+0065) in font nullfont!
Missing character: There is no r (U+0072) in font nullfont!
Missing character: There is no , (U+002C) in font nullfont!
Missing character: There is no W (U+0057) in font nullfont!
Missing character: There is no o (U+006F) in font nullfont!
Missing character: There is no h (U+0068) in font nullfont!
Missing character: There is no l (U+006C) in font nullfont!
Missing character: There is no g (U+0067) in font nullfont!
Missing character: There is no e (U+0065) in font nullfont!
Missing character: There is no m (U+006D) in font nullfont!
Missing character: There is no u (U+0075) in font nullfont!
Missing character: There is no t (U+0074) in font nullfont!
Missing character: There is no h (U+0068) in font nullfont!
Missing character: There is no , (U+002C) in font nullfont!
Missing character: There is no a (U+0061) in font nullfont!
Missing character: There is no n (U+006E) in font nullfont!
Missing character: There is no d (U+0064) in font nullfont!
Missing character: There is no H (U+0048) in font nullfont!
Missing character: There is no o (U+006F) in font nullfont!
Missing character: There is no f (U+0066) in font nullfont!
Missing character: There is no f (U+0066) in font nullfont!
Missing character: There is no m (U+006D) in font nullfont!
Missing character: There is no a (U+0061) in font nullfont!
Missing character: There is no n (U+006E) in font nullfont!
Missing character: There is no n (U+006E) in font nullfont!
Missing character: There is no 2 (U+0032) in font nullfont!
Missing character: There is no 0 (U+0030) in font nullfont!
Missing character: There is no 2 (U+0032) in font nullfont!
Missing character: There is no 5 (U+0035) in font nullfont!
Missing character: There is no J (U+004A) in font nullfont!
Missing character: There is no a (U+0061) in font nullfont!
Missing character: There is no h (U+0068) in font nullfont!
Missing character: There is no n (U+006E) in font nullfont!
Missing character: There is no s (U+0073) in font nullfont!
Missing character: There is no , (U+002C) in font nullfont!
Missing character: There is no J (U+004A) in font nullfont!
Missing character: There is no u (U+0075) in font nullfont!
Missing character: There is no n (U+006E) in font nullfont!
Missing character: There is no g (U+0067) in font nullfont!
Missing character: There is no e (U+0065) in font nullfont!
Missing character: There is no r (U+0072) in font nullfont!
Missing character: There is no , (U+002C) in font nullfont!
Missing character: There is no W (U+0057) in font nullfont!
Missing character: There is no o (U+006F) in font nullfont!
Missing character: There is no h (U+0068) in font nullfont!
Missing character: There is no l (U+006C) in font nullfont!
Missing character: There is no g (U+0067) in font nullfont!
Missing character: There is no e (U+0065) in font nullfont!
Missing character: There is no m (U+006D) in font nullfont!
Missing character: There is no u (U+0075) in font nullfont!
Missing character: There is no t (U+0074) in font nullfont!
Missing character: There is no h (U+0068) in font nullfont!
Missing character: There is no , (U+002C) in font nullfont!
Missing character: There is no a (U+0061) in font nullfont!
Missing character: There is no n (U+006E) in font nullfont!
Missing character: There is no d (U+0064) in font nullfont!
Missing character: There is no H (U+0048) in font nullfont!
Missing character: There is no o (U+006F) in font nullfont!
Missing character: There is no f (U+0066) in font nullfont!
Missing character: There is no f (U+0066) in font nullfont!
Missing character: There is no m (U+006D) in font nullfont!
Missing character: There is no a (U+0061) in font nullfont!
Missing character: There is no n (U+006E) in font nullfont!
Missing character: There is no n (U+006E) in font nullfont!
Missing character: There is no 2 (U+0032) in font nullfont!
Missing character: There is no 0 (U+0030) in font nullfont!
Missing character: There is no 2 (U+0032) in font nullfont!
Missing character: There is no 5 (U+0035) in font nullfont!


<papers/A4-1/paper.pdf, id=1935, page=1, 597.50829pt x 845.04709pt>
File: papers/A4-1/paper.pdf Graphic file (type pdf)
<use papers/A4-1/paper.pdf, page 1>
Package luatex.def Info: papers/A4-1/paper.pdf , page1 used on input line 568.
(luatex.def)             Requested size: 597.50682pt x 530.01672pt.
(./paper.newpax) [131
Missing character: There is no J (U+004A) in font nullfont!
Missing character: There is no a (U+0061) in font nullfont!
Missing character: There is no h (U+0068) in font nullfont!
Missing character: There is no n (U+006E) in font nullfont!
Missing character: There is no s (U+0073) in font nullfont!
Missing character: There is no , (U+002C) in font nullfont!
Missing character: There is no J (U+004A) in font nullfont!
Missing character: There is no u (U+0075) in font nullfont!
Missing character: There is no n (U+006E) in font nullfont!
Missing character: There is no g (U+0067) in font nullfont!
Missing character: There is no e (U+0065) in font nullfont!
Missing character: There is no r (U+0072) in font nullfont!
Missing character: There is no , (U+002C) in font nullfont!
Missing character: There is no W (U+0057) in font nullfont!
Missing character: There is no o (U+006F) in font nullfont!
Missing character: There is no h (U+0068) in font nullfont!
Missing character: There is no l (U+006C) in font nullfont!
Missing character: There is no g (U+0067) in font nullfont!
Missing character: There is no e (U+0065) in font nullfont!
Missing character: There is no m (U+006D) in font nullfont!
Missing character: There is no u (U+0075) in font nullfont!
Missing character: There is no t (U+0074) in font nullfont!
Missing character: There is no h (U+0068) in font nullfont!
Missing character: There is no , (U+002C) in font nullfont!
Missing character: There is no a (U+0061) in font nullfont!
Missing character: There is no n (U+006E) in font nullfont!
Missing character: There is no d (U+0064) in font nullfont!
Missing character: There is no H (U+0048) in font nullfont!
Missing character: There is no o (U+006F) in font nullfont!
Missing character: There is no f (U+0066) in font nullfont!
Missing character: There is no f (U+0066) in font nullfont!
Missing character: There is no m (U+006D) in font nullfont!
Missing character: There is no a (U+0061) in font nullfont!
Missing character: There is no n (U+006E) in font nullfont!
Missing character: There is no n (U+006E) in font nullfont!
Missing character: There is no 2 (U+0032) in font nullfont!
Missing character: There is no 0 (U+0030) in font nullfont!
Missing character: There is no 2 (U+0032) in font nullfont!
Missing character: There is no 5 (U+0035) in font nullfont!
<./papers/A4-1/paper.pdf>]

<papers/A4-1/paper.pdf, id=1991, page=2, 597.50829pt x 845.04709pt>
File: papers/A4-1/paper.pdf Graphic file (type pdf)
<use papers/A4-1/paper.pdf, page 2>
Package luatex.def Info: papers/A4-1/paper.pdf , page2 used on input line 568.
(luatex.def)             Requested size: 597.50682pt x 672.28015pt.
(./paper.newpax) [132<./papers/A4-1/paper.pdf>]

<papers/A4-1/paper.pdf, id=2019, page=3, 597.50829pt x 845.04709pt>
File: papers/A4-1/paper.pdf Graphic file (type pdf)
<use papers/A4-1/paper.pdf, page 3>
Package luatex.def Info: papers/A4-1/paper.pdf , page3 used on input line 568.
(luatex.def)             Requested size: 597.50682pt x 672.28015pt.
(./paper.newpax) [133<./papers/A4-1/paper.pdf>]

<papers/A4-1/paper.pdf, id=2044, page=4, 597.50829pt x 845.04709pt>
File: papers/A4-1/paper.pdf Graphic file (type pdf)
<use papers/A4-1/paper.pdf, page 4>
Package luatex.def Info: papers/A4-1/paper.pdf , page4 used on input line 568.
(luatex.def)             Requested size: 597.50682pt x 672.28015pt.
(./paper.newpax) [134<./papers/A4-1/paper.pdf>]

<papers/A4-1/paper.pdf, id=2055, page=5, 597.50829pt x 845.04709pt>
File: papers/A4-1/paper.pdf Graphic file (type pdf)
<use papers/A4-1/paper.pdf, page 5>
Package luatex.def Info: papers/A4-1/paper.pdf , page5 used on input line 568.
(luatex.def)             Requested size: 597.50682pt x 672.28015pt.
(./paper.newpax) [135<./papers/A4-1/paper.pdf>]

<papers/A4-1/paper.pdf, id=2064, page=6, 597.50829pt x 845.04709pt>
File: papers/A4-1/paper.pdf Graphic file (type pdf)
<use papers/A4-1/paper.pdf, page 6>
Package luatex.def Info: papers/A4-1/paper.pdf , page6 used on input line 568.
(luatex.def)             Requested size: 597.50682pt x 672.28015pt.
(./paper.newpax) [136<./papers/A4-1/paper.pdf>]

<papers/A4-1/paper.pdf, id=2081, page=7, 597.50829pt x 845.04709pt>
File: papers/A4-1/paper.pdf Graphic file (type pdf)
<use papers/A4-1/paper.pdf, page 7>
Package luatex.def Info: papers/A4-1/paper.pdf , page7 used on input line 568.
(luatex.def)             Requested size: 597.50682pt x 672.28015pt.
(./paper.newpax) [137<./papers/A4-1/paper.pdf>]

<papers/A4-1/paper.pdf, id=2096, page=8, 597.50829pt x 845.04709pt>
File: papers/A4-1/paper.pdf Graphic file (type pdf)
<use papers/A4-1/paper.pdf, page 8>
Package luatex.def Info: papers/A4-1/paper.pdf , page8 used on input line 568.
(luatex.def)             Requested size: 597.50682pt x 672.28015pt.
(./paper.newpax) [138<./papers/A4-1/paper.pdf>]

<papers/A4-1/paper.pdf, id=2106, page=9, 597.50829pt x 845.04709pt>
File: papers/A4-1/paper.pdf Graphic file (type pdf)
<use papers/A4-1/paper.pdf, page 9>
Package luatex.def Info: papers/A4-1/paper.pdf , page9 used on input line 568.
(luatex.def)             Requested size: 597.50682pt x 672.28015pt.
(./paper.newpax) [139<./papers/A4-1/paper.pdf>]

<papers/A4-1/paper.pdf, id=2117, page=10, 597.50829pt x 845.04709pt>
File: papers/A4-1/paper.pdf Graphic file (type pdf)
<use papers/A4-1/paper.pdf, page 10>
Package luatex.def Info: papers/A4-1/paper.pdf , page10 used on input line 568.

(luatex.def)             Requested size: 597.50682pt x 672.28015pt.
(./paper.newpax) [140<./papers/A4-1/paper.pdf>]

Package hyperref Warning: Token not allowed in a PDF string (Unicode):
(hyperref)                removing `\unskip' on input line 574.


Package hyperref Warning: Token not allowed in a PDF string (Unicode):
(hyperref)                removing `\unskip' on input line 574.

Missing character: There is no G (U+0047) in font nullfont!
Missing character: There is no a (U+0061) in font nullfont!
Missing character: There is no r (U+0072) in font nullfont!
Missing character: There is no c (U+0063) in font nullfont!
Missing character: There is no i (U+0069) in font nullfont!
Missing character: There is no a (U+0061) in font nullfont!
Missing character: There is no , (U+002C) in font nullfont!
Missing character: There is no J (U+004A) in font nullfont!
Missing character: There is no u (U+0075) in font nullfont!
Missing character: There is no n (U+006E) in font nullfont!
Missing character: There is no g (U+0067) in font nullfont!
Missing character: There is no e (U+0065) in font nullfont!
Missing character: There is no r (U+0072) in font nullfont!
Missing character: There is no , (U+002C) in font nullfont!
Missing character: There is no a (U+0061) in font nullfont!
Missing character: There is no n (U+006E) in font nullfont!
Missing character: There is no d (U+0064) in font nullfont!
Missing character: There is no W (U+0057) in font nullfont!
Missing character: There is no o (U+006F) in font nullfont!
Missing character: There is no h (U+0068) in font nullfont!
Missing character: There is no l (U+006C) in font nullfont!
Missing character: There is no g (U+0067) in font nullfont!
Missing character: There is no e (U+0065) in font nullfont!
Missing character: There is no m (U+006D) in font nullfont!
Missing character: There is no u (U+0075) in font nullfont!
Missing character: There is no t (U+0074) in font nullfont!
Missing character: There is no h (U+0068) in font nullfont!
Missing character: There is no 2 (U+0032) in font nullfont!
Missing character: There is no 0 (U+0030) in font nullfont!
Missing character: There is no 2 (U+0032) in font nullfont!
Missing character: There is no 5 (U+0035) in font nullfont!
Missing character: There is no G (U+0047) in font nullfont!
Missing character: There is no a (U+0061) in font nullfont!
Missing character: There is no r (U+0072) in font nullfont!
Missing character: There is no c (U+0063) in font nullfont!
Missing character: There is no i (U+0069) in font nullfont!
Missing character: There is no a (U+0061) in font nullfont!
Missing character: There is no , (U+002C) in font nullfont!
Missing character: There is no J (U+004A) in font nullfont!
Missing character: There is no u (U+0075) in font nullfont!
Missing character: There is no n (U+006E) in font nullfont!
Missing character: There is no g (U+0067) in font nullfont!
Missing character: There is no e (U+0065) in font nullfont!
Missing character: There is no r (U+0072) in font nullfont!
Missing character: There is no , (U+002C) in font nullfont!
Missing character: There is no a (U+0061) in font nullfont!
Missing character: There is no n (U+006E) in font nullfont!
Missing character: There is no d (U+0064) in font nullfont!
Missing character: There is no W (U+0057) in font nullfont!
Missing character: There is no o (U+006F) in font nullfont!
Missing character: There is no h (U+0068) in font nullfont!
Missing character: There is no l (U+006C) in font nullfont!
Missing character: There is no g (U+0067) in font nullfont!
Missing character: There is no e (U+0065) in font nullfont!
Missing character: There is no m (U+006D) in font nullfont!
Missing character: There is no u (U+0075) in font nullfont!
Missing character: There is no t (U+0074) in font nullfont!
Missing character: There is no h (U+0068) in font nullfont!
Missing character: There is no 2 (U+0032) in font nullfont!
Missing character: There is no 0 (U+0030) in font nullfont!
Missing character: There is no 2 (U+0032) in font nullfont!
Missing character: There is no 5 (U+0035) in font nullfont!


<papers/A4-2/paper.pdf, id=2136, page=1, 597.50829pt x 845.04709pt>
File: papers/A4-2/paper.pdf Graphic file (type pdf)
<use papers/A4-2/paper.pdf, page 1>
Package luatex.def Info: papers/A4-2/paper.pdf , page1 used on input line 574.
(luatex.def)             Requested size: 597.50682pt x 530.01672pt.
(./paper.newpax) [141



Missing character: There is no G (U+0047) in font nullfont!
Missing character: There is no a (U+0061) in font nullfont!
Missing character: There is no r (U+0072) in font nullfont!
Missing character: There is no c (U+0063) in font nullfont!
Missing character: There is no i (U+0069) in font nullfont!
Missing character: There is no a (U+0061) in font nullfont!
Missing character: There is no , (U+002C) in font nullfont!
Missing character: There is no J (U+004A) in font nullfont!
Missing character: There is no u (U+0075) in font nullfont!
Missing character: There is no n (U+006E) in font nullfont!
Missing character: There is no g (U+0067) in font nullfont!
Missing character: There is no e (U+0065) in font nullfont!
Missing character: There is no r (U+0072) in font nullfont!
Missing character: There is no , (U+002C) in font nullfont!
Missing character: There is no a (U+0061) in font nullfont!
Missing character: There is no n (U+006E) in font nullfont!
Missing character: There is no d (U+0064) in font nullfont!
Missing character: There is no W (U+0057) in font nullfont!
Missing character: There is no o (U+006F) in font nullfont!
Missing character: There is no h (U+0068) in font nullfont!
Missing character: There is no l (U+006C) in font nullfont!
Missing character: There is no g (U+0067) in font nullfont!
Missing character: There is no e (U+0065) in font nullfont!
Missing character: There is no m (U+006D) in font nullfont!
Missing character: There is no u (U+0075) in font nullfont!
Missing character: There is no t (U+0074) in font nullfont!
Missing character: There is no h (U+0068) in font nullfont!
Missing character: There is no 2 (U+0032) in font nullfont!
Missing character: There is no 0 (U+0030) in font nullfont!
Missing character: There is no 2 (U+0032) in font nullfont!
Missing character: There is no 5 (U+0035) in font nullfont!
<./papers/A4-2/paper.pdf>]

<papers/A4-2/paper.pdf, id=2173, page=2, 597.50829pt x 845.04709pt>
File: papers/A4-2/paper.pdf Graphic file (type pdf)
<use papers/A4-2/paper.pdf, page 2>
Package luatex.def Info: papers/A4-2/paper.pdf , page2 used on input line 574.
(luatex.def)             Requested size: 597.50682pt x 672.28015pt.
(./paper.newpax) [142<./papers/A4-2/paper.pdf>]

<papers/A4-2/paper.pdf, id=2204, page=3, 597.50829pt x 845.04709pt>
File: papers/A4-2/paper.pdf Graphic file (type pdf)
<use papers/A4-2/paper.pdf, page 3>
Package luatex.def Info: papers/A4-2/paper.pdf , page3 used on input line 574.
(luatex.def)             Requested size: 597.50682pt x 672.28015pt.
(./paper.newpax) [143<./papers/A4-2/paper.pdf>]

<papers/A4-2/paper.pdf, id=2227, page=4, 597.50829pt x 845.04709pt>
File: papers/A4-2/paper.pdf Graphic file (type pdf)
<use papers/A4-2/paper.pdf, page 4>
Package luatex.def Info: papers/A4-2/paper.pdf , page4 used on input line 574.
(luatex.def)             Requested size: 597.50682pt x 672.28015pt.
(./paper.newpax) [144<./papers/A4-2/paper.pdf>]

<papers/A4-2/paper.pdf, id=2307, page=5, 597.50829pt x 845.04709pt>
File: papers/A4-2/paper.pdf Graphic file (type pdf)
<use papers/A4-2/paper.pdf, page 5>
Package luatex.def Info: papers/A4-2/paper.pdf , page5 used on input line 574.
(luatex.def)             Requested size: 597.50682pt x 672.28015pt.
(./paper.newpax) [145<./papers/A4-2/paper.pdf>]

<papers/A4-2/paper.pdf, id=2323, page=6, 597.50829pt x 845.04709pt>
File: papers/A4-2/paper.pdf Graphic file (type pdf)
<use papers/A4-2/paper.pdf, page 6>
Package luatex.def Info: papers/A4-2/paper.pdf , page6 used on input line 574.
(luatex.def)             Requested size: 597.50682pt x 672.28015pt.
(./paper.newpax) [146<./papers/A4-2/paper.pdf>]

<papers/A4-2/paper.pdf, id=2336, page=7, 597.50829pt x 845.04709pt>
File: papers/A4-2/paper.pdf Graphic file (type pdf)
<use papers/A4-2/paper.pdf, page 7>
Package luatex.def Info: papers/A4-2/paper.pdf , page7 used on input line 574.
(luatex.def)             Requested size: 597.50682pt x 672.28015pt.
(./paper.newpax) [147<./papers/A4-2/paper.pdf>]

<papers/A4-2/paper.pdf, id=2345, page=8, 597.50829pt x 845.04709pt>
File: papers/A4-2/paper.pdf Graphic file (type pdf)
<use papers/A4-2/paper.pdf, page 8>
Package luatex.def Info: papers/A4-2/paper.pdf , page8 used on input line 574.
(luatex.def)             Requested size: 597.50682pt x 672.28015pt.
(./paper.newpax) [148<./papers/A4-2/paper.pdf>]

<papers/A4-2/paper.pdf, id=2352, page=9, 597.50829pt x 845.04709pt>
File: papers/A4-2/paper.pdf Graphic file (type pdf)
<use papers/A4-2/paper.pdf, page 9>
Package luatex.def Info: papers/A4-2/paper.pdf , page9 used on input line 574.
(luatex.def)             Requested size: 597.50682pt x 672.28015pt.
(./paper.newpax) [149<./papers/A4-2/paper.pdf>]

<papers/A4-2/paper.pdf, id=2359, page=10, 597.50829pt x 845.04709pt>
File: papers/A4-2/paper.pdf Graphic file (type pdf)
<use papers/A4-2/paper.pdf, page 10>
Package luatex.def Info: papers/A4-2/paper.pdf , page10 used on input line 574.

(luatex.def)             Requested size: 597.50682pt x 672.28015pt.
(./paper.newpax) [150<./papers/A4-2/paper.pdf>]

<papers/A4-2/paper.pdf, id=2377, page=11, 597.50829pt x 845.04709pt>
File: papers/A4-2/paper.pdf Graphic file (type pdf)
<use papers/A4-2/paper.pdf, page 11>
Package luatex.def Info: papers/A4-2/paper.pdf , page11 used on input line 574.

(luatex.def)             Requested size: 597.50682pt x 672.28015pt.
(./paper.newpax) [151<./papers/A4-2/paper.pdf>]

<papers/A4-2/paper.pdf, id=2408, page=12, 597.50829pt x 845.04709pt>
File: papers/A4-2/paper.pdf Graphic file (type pdf)
<use papers/A4-2/paper.pdf, page 12>
Package luatex.def Info: papers/A4-2/paper.pdf , page12 used on input line 574.

(luatex.def)             Requested size: 597.50682pt x 672.28015pt.
(./paper.newpax) [152<./papers/A4-2/paper.pdf>]

<papers/A4-2/paper.pdf, id=2436, page=13, 597.50829pt x 845.04709pt>
File: papers/A4-2/paper.pdf Graphic file (type pdf)
<use papers/A4-2/paper.pdf, page 13>
Package luatex.def Info: papers/A4-2/paper.pdf , page13 used on input line 574.

(luatex.def)             Requested size: 597.50682pt x 672.28015pt.
(./paper.newpax) [153<./papers/A4-2/paper.pdf>]

[154


]

Package hyperref Warning: Token not allowed in a PDF string (Unicode):
(hyperref)                removing `\unskip' on input line 580.

Missing character: There is no V (U+0056) in font nullfont!
Missing character: There is no a (U+0061) in font nullfont!
Missing character: There is no l (U+006C) in font nullfont!
Missing character: There is no k (U+006B) in font nullfont!
Missing character: There is no o (U+006F) in font nullfont!
Missing character: There is no a (U+0061) in font nullfont!
Missing character: There is no n (U+006E) in font nullfont!
Missing character: There is no d (U+0064) in font nullfont!
Missing character: There is no G (U+0047) in font nullfont!
Missing character: There is no ó (U+00F3) in font nullfont!
Missing character: There is no m (U+006D) in font nullfont!
Missing character: There is no e (U+0065) in font nullfont!
Missing character: There is no z (U+007A) in font nullfont!
Missing character: There is no 2 (U+0032) in font nullfont!
Missing character: There is no 0 (U+0030) in font nullfont!
Missing character: There is no 2 (U+0032) in font nullfont!
Missing character: There is no 5 (U+0035) in font nullfont!
Missing character: There is no V (U+0056) in font nullfont!
Missing character: There is no a (U+0061) in font nullfont!
Missing character: There is no l (U+006C) in font nullfont!
Missing character: There is no k (U+006B) in font nullfont!
Missing character: There is no o (U+006F) in font nullfont!
Missing character: There is no a (U+0061) in font nullfont!
Missing character: There is no n (U+006E) in font nullfont!
Missing character: There is no d (U+0064) in font nullfont!
Missing character: There is no G (U+0047) in font nullfont!
Missing character: There is no ó (U+00F3) in font nullfont!
Missing character: There is no m (U+006D) in font nullfont!
Missing character: There is no e (U+0065) in font nullfont!
Missing character: There is no z (U+007A) in font nullfont!
Missing character: There is no 2 (U+0032) in font nullfont!
Missing character: There is no 0 (U+0030) in font nullfont!
Missing character: There is no 2 (U+0032) in font nullfont!
Missing character: There is no 5 (U+0035) in font nullfont!


<papers/A4-3/paper.pdf, id=2466, page=1, 597.50829pt x 845.04709pt>
File: papers/A4-3/paper.pdf Graphic file (type pdf)
<use papers/A4-3/paper.pdf, page 1>
Package luatex.def Info: papers/A4-3/paper.pdf , page1 used on input line 580.
(luatex.def)             Requested size: 597.50682pt x 530.01672pt.
(./paper.newpax) [155
Missing character: There is no V (U+0056) in font nullfont!
Missing character: There is no a (U+0061) in font nullfont!
Missing character: There is no l (U+006C) in font nullfont!
Missing character: There is no k (U+006B) in font nullfont!
Missing character: There is no o (U+006F) in font nullfont!
Missing character: There is no a (U+0061) in font nullfont!
Missing character: There is no n (U+006E) in font nullfont!
Missing character: There is no d (U+0064) in font nullfont!
Missing character: There is no G (U+0047) in font nullfont!
Missing character: There is no ó (U+00F3) in font nullfont!
Missing character: There is no m (U+006D) in font nullfont!
Missing character: There is no e (U+0065) in font nullfont!
Missing character: There is no z (U+007A) in font nullfont!
Missing character: There is no 2 (U+0032) in font nullfont!
Missing character: There is no 0 (U+0030) in font nullfont!
Missing character: There is no 2 (U+0032) in font nullfont!
Missing character: There is no 5 (U+0035) in font nullfont!
<./papers/A4-3/paper.pdf>]

<papers/A4-3/paper.pdf, id=2507, page=2, 597.50829pt x 845.04709pt>
File: papers/A4-3/paper.pdf Graphic file (type pdf)
<use papers/A4-3/paper.pdf, page 2>
Package luatex.def Info: papers/A4-3/paper.pdf , page2 used on input line 580.
(luatex.def)             Requested size: 597.50682pt x 672.28015pt.
(./paper.newpax) [156<./papers/A4-3/paper.pdf>]

<papers/A4-3/paper.pdf, id=2534, page=3, 597.50829pt x 845.04709pt>
File: papers/A4-3/paper.pdf Graphic file (type pdf)
<use papers/A4-3/paper.pdf, page 3>
Package luatex.def Info: papers/A4-3/paper.pdf , page3 used on input line 580.
(luatex.def)             Requested size: 597.50682pt x 672.28015pt.
(./paper.newpax) [157<./papers/A4-3/paper.pdf>]

<papers/A4-3/paper.pdf, id=2548, page=4, 597.50829pt x 845.04709pt>
File: papers/A4-3/paper.pdf Graphic file (type pdf)
<use papers/A4-3/paper.pdf, page 4>
Package luatex.def Info: papers/A4-3/paper.pdf , page4 used on input line 580.
(luatex.def)             Requested size: 597.50682pt x 672.28015pt.
(./paper.newpax) [158<./papers/A4-3/paper.pdf>]

<papers/A4-3/paper.pdf, id=2557, page=5, 597.50829pt x 845.04709pt>
File: papers/A4-3/paper.pdf Graphic file (type pdf)
<use papers/A4-3/paper.pdf, page 5>
Package luatex.def Info: papers/A4-3/paper.pdf , page5 used on input line 580.
(luatex.def)             Requested size: 597.50682pt x 672.28015pt.
(./paper.newpax) [159<./papers/A4-3/paper.pdf>]

<papers/A4-3/paper.pdf, id=2569, page=6, 597.50829pt x 845.04709pt>
File: papers/A4-3/paper.pdf Graphic file (type pdf)
<use papers/A4-3/paper.pdf, page 6>
Package luatex.def Info: papers/A4-3/paper.pdf , page6 used on input line 580.
(luatex.def)             Requested size: 597.50682pt x 672.28015pt.
(./paper.newpax) [160<./papers/A4-3/paper.pdf>]

<papers/A4-3/paper.pdf, id=2606, page=7, 597.50829pt x 845.04709pt>
File: papers/A4-3/paper.pdf Graphic file (type pdf)
<use papers/A4-3/paper.pdf, page 7>
Package luatex.def Info: papers/A4-3/paper.pdf , page7 used on input line 580.
(luatex.def)             Requested size: 597.50682pt x 672.28015pt.
(./paper.newpax) [161<./papers/A4-3/paper.pdf>]

<papers/A4-3/paper.pdf, id=2619, page=8, 597.50829pt x 845.04709pt>
File: papers/A4-3/paper.pdf Graphic file (type pdf)
<use papers/A4-3/paper.pdf, page 8>
Package luatex.def Info: papers/A4-3/paper.pdf , page8 used on input line 580.
(luatex.def)             Requested size: 597.50682pt x 672.28015pt.
(./paper.newpax) [162<./papers/A4-3/paper.pdf>]

<papers/A4-3/paper.pdf, id=2650, page=9, 597.50829pt x 845.04709pt>
File: papers/A4-3/paper.pdf Graphic file (type pdf)
<use papers/A4-3/paper.pdf, page 9>
Package luatex.def Info: papers/A4-3/paper.pdf , page9 used on input line 580.
(luatex.def)             Requested size: 597.50682pt x 672.28015pt.
(./paper.newpax) [163<./papers/A4-3/paper.pdf>]

<papers/A4-3/paper.pdf, id=2665, page=10, 597.50829pt x 845.04709pt>
File: papers/A4-3/paper.pdf Graphic file (type pdf)
<use papers/A4-3/paper.pdf, page 10>
Package luatex.def Info: papers/A4-3/paper.pdf , page10 used on input line 580.

(luatex.def)             Requested size: 597.50682pt x 672.28015pt.
(./paper.newpax) [164<./papers/A4-3/paper.pdf>]

Package hyperref Warning: Token not allowed in a PDF string (Unicode):
(hyperref)                removing `\unskip' on input line 586.

Missing character: There is no W (U+0057) in font nullfont!
Missing character: There is no e (U+0065) in font nullfont!
Missing character: There is no s (U+0073) in font nullfont!
Missing character: There is no t (U+0074) in font nullfont!
Missing character: There is no i (U+0069) in font nullfont!
Missing character: There is no n (U+006E) in font nullfont!
Missing character: There is no g (U+0067) in font nullfont!
Missing character: There is no a (U+0061) in font nullfont!
Missing character: There is no n (U+006E) in font nullfont!
Missing character: There is no d (U+0064) in font nullfont!
Missing character: There is no N (U+004E) in font nullfont!
Missing character: There is no a (U+0061) in font nullfont!
Missing character: There is no u (U+0075) in font nullfont!
Missing character: There is no m (U+006D) in font nullfont!
Missing character: There is no a (U+0061) in font nullfont!
Missing character: There is no n (U+006E) in font nullfont!
Missing character: There is no n (U+006E) in font nullfont!
Missing character: There is no 2 (U+0032) in font nullfont!
Missing character: There is no 0 (U+0030) in font nullfont!
Missing character: There is no 2 (U+0032) in font nullfont!
Missing character: There is no 5 (U+0035) in font nullfont!
Missing character: There is no W (U+0057) in font nullfont!
Missing character: There is no e (U+0065) in font nullfont!
Missing character: There is no s (U+0073) in font nullfont!
Missing character: There is no t (U+0074) in font nullfont!
Missing character: There is no i (U+0069) in font nullfont!
Missing character: There is no n (U+006E) in font nullfont!
Missing character: There is no g (U+0067) in font nullfont!
Missing character: There is no a (U+0061) in font nullfont!
Missing character: There is no n (U+006E) in font nullfont!
Missing character: There is no d (U+0064) in font nullfont!
Missing character: There is no N (U+004E) in font nullfont!
Missing character: There is no a (U+0061) in font nullfont!
Missing character: There is no u (U+0075) in font nullfont!
Missing character: There is no m (U+006D) in font nullfont!
Missing character: There is no a (U+0061) in font nullfont!
Missing character: There is no n (U+006E) in font nullfont!
Missing character: There is no n (U+006E) in font nullfont!
Missing character: There is no 2 (U+0032) in font nullfont!
Missing character: There is no 0 (U+0030) in font nullfont!
Missing character: There is no 2 (U+0032) in font nullfont!
Missing character: There is no 5 (U+0035) in font nullfont!


<papers/A4-4/paper.pdf, id=2684, page=1, 597.50829pt x 845.04709pt>
File: papers/A4-4/paper.pdf Graphic file (type pdf)
<use papers/A4-4/paper.pdf, page 1>
Package luatex.def Info: papers/A4-4/paper.pdf , page1 used on input line 586.
(luatex.def)             Requested size: 597.50682pt x 530.01672pt.
(./paper.newpax) [165



Missing character: There is no W (U+0057) in font nullfont!
Missing character: There is no e (U+0065) in font nullfont!
Missing character: There is no s (U+0073) in font nullfont!
Missing character: There is no t (U+0074) in font nullfont!
Missing character: There is no i (U+0069) in font nullfont!
Missing character: There is no n (U+006E) in font nullfont!
Missing character: There is no g (U+0067) in font nullfont!
Missing character: There is no a (U+0061) in font nullfont!
Missing character: There is no n (U+006E) in font nullfont!
Missing character: There is no d (U+0064) in font nullfont!
Missing character: There is no N (U+004E) in font nullfont!
Missing character: There is no a (U+0061) in font nullfont!
Missing character: There is no u (U+0075) in font nullfont!
Missing character: There is no m (U+006D) in font nullfont!
Missing character: There is no a (U+0061) in font nullfont!
Missing character: There is no n (U+006E) in font nullfont!
Missing character: There is no n (U+006E) in font nullfont!
Missing character: There is no 2 (U+0032) in font nullfont!
Missing character: There is no 0 (U+0030) in font nullfont!
Missing character: There is no 2 (U+0032) in font nullfont!
Missing character: There is no 5 (U+0035) in font nullfont!
<./papers/A4-4/paper.pdf>]

<papers/A4-4/paper.pdf, id=2726, page=2, 597.50829pt x 845.04709pt>
File: papers/A4-4/paper.pdf Graphic file (type pdf)
<use papers/A4-4/paper.pdf, page 2>
Package luatex.def Info: papers/A4-4/paper.pdf , page2 used on input line 586.
(luatex.def)             Requested size: 597.50682pt x 672.28015pt.
(./paper.newpax) [166<./papers/A4-4/paper.pdf>]

<papers/A4-4/paper.pdf, id=2756, page=3, 597.50829pt x 845.04709pt>
File: papers/A4-4/paper.pdf Graphic file (type pdf)
<use papers/A4-4/paper.pdf, page 3>
Package luatex.def Info: papers/A4-4/paper.pdf , page3 used on input line 586.
(luatex.def)             Requested size: 597.50682pt x 672.28015pt.
(./paper.newpax) [167<./papers/A4-4/paper.pdf>]

<papers/A4-4/paper.pdf, id=2775, page=4, 597.50829pt x 845.04709pt>
File: papers/A4-4/paper.pdf Graphic file (type pdf)
<use papers/A4-4/paper.pdf, page 4>
Package luatex.def Info: papers/A4-4/paper.pdf , page4 used on input line 586.
(luatex.def)             Requested size: 597.50682pt x 672.28015pt.
(./paper.newpax) [168<./papers/A4-4/paper.pdf>]

<papers/A4-4/paper.pdf, id=2798, page=5, 597.50829pt x 845.04709pt>
File: papers/A4-4/paper.pdf Graphic file (type pdf)
<use papers/A4-4/paper.pdf, page 5>
Package luatex.def Info: papers/A4-4/paper.pdf , page5 used on input line 586.
(luatex.def)             Requested size: 597.50682pt x 672.28015pt.
(./paper.newpax) [169<./papers/A4-4/paper.pdf>]

<papers/A4-4/paper.pdf, id=2811, page=6, 597.50829pt x 845.04709pt>
File: papers/A4-4/paper.pdf Graphic file (type pdf)
<use papers/A4-4/paper.pdf, page 6>
Package luatex.def Info: papers/A4-4/paper.pdf , page6 used on input line 586.
(luatex.def)             Requested size: 597.50682pt x 672.28015pt.
(./paper.newpax) [170<./papers/A4-4/paper.pdf>]

<papers/A4-4/paper.pdf, id=2821, page=7, 597.50829pt x 845.04709pt>
File: papers/A4-4/paper.pdf Graphic file (type pdf)
<use papers/A4-4/paper.pdf, page 7>
Package luatex.def Info: papers/A4-4/paper.pdf , page7 used on input line 586.
(luatex.def)             Requested size: 597.50682pt x 672.28015pt.
(./paper.newpax) [171<./papers/A4-4/paper.pdf>]

<papers/A4-4/paper.pdf, id=2833, page=8, 597.50829pt x 845.04709pt>
File: papers/A4-4/paper.pdf Graphic file (type pdf)
<use papers/A4-4/paper.pdf, page 8>
Package luatex.def Info: papers/A4-4/paper.pdf , page8 used on input line 586.
(luatex.def)             Requested size: 597.50682pt x 672.28015pt.
(./paper.newpax) [172<./papers/A4-4/paper.pdf>]

<papers/A4-4/paper.pdf, id=2844, page=9, 597.50829pt x 845.04709pt>
File: papers/A4-4/paper.pdf Graphic file (type pdf)
<use papers/A4-4/paper.pdf, page 9>
Package luatex.def Info: papers/A4-4/paper.pdf , page9 used on input line 586.
(luatex.def)             Requested size: 597.50682pt x 672.28015pt.
(./paper.newpax) [173<./papers/A4-4/paper.pdf>]

<papers/A4-4/paper.pdf, id=2861, page=10, 597.50829pt x 845.04709pt>
File: papers/A4-4/paper.pdf Graphic file (type pdf)
<use papers/A4-4/paper.pdf, page 10>
Package luatex.def Info: papers/A4-4/paper.pdf , page10 used on input line 586.

(luatex.def)             Requested size: 597.50682pt x 672.28015pt.
(./paper.newpax) [174<./papers/A4-4/paper.pdf>]
No file proceedings.ind.
(./proceedings.aux)
 ***********
LaTeX2e <2025-06-01> patch level 1
L3 programming layer <2025-08-13>
 ***********
Package logreq Info: Writing requests to 'proceedings.run.xml'.

\openout1 = proceedings.run.xml
)

Here is how much of LuaTeX's memory you used:
 38396 strings out of 470117
 100000,1977958 words of node,token memory allocated
 765 words of node memory still in use:
   6 hlist, 2 vlist, 2 rule, 2 glue, 4 kern, 1 glyph, 18 attribute, 97 glue_spec
, 11 attribute_list, 4 write, 1 user_defined, 1 pdf_dest nodes
   avail lists: 1:4,2:849,3:263,4:152,5:432,6:50,7:3067,8:1,9:553,10:15,11:209,1
2:1
 64506 multiletter control sequences out of 65536+600000
 62 fonts using 15439527 bytes
 108i,18n,101p,11209b,2308s stack positions out of 10000i,1000n,20000p,200000b,200000s

warning  (pdf backend): unreferenced destination with name 'section*.30'

warning  (pdf backend): unreferenced destination with name 'cite.0@A4-4'

warning  (pdf backend): unreferenced destination with name 'cite.0@A4-3'

warning  (pdf backend): unreferenced destination with name 'cite.0@A4-2'

warning  (pdf backend): unreferenced destination with name 'cite.0@A4-1'

warning  (pdf backend): unreferenced destination with name 'cite.0@A3-5'

warning  (pdf backend): unreferenced destination with name 'cite.0@A3-4'

warning  (pdf backend): unreferenced destination with name 'cite.0@A3-3'

warning  (pdf backend): unreferenced destination with name 'cite.0@A3-2'

warning  (pdf backend): unreferenced destination with name 'cite.0@A3-1'

warning  (pdf backend): unreferenced destination with name 'cite.0@A2-2'

warning  (pdf backend): unreferenced destination with name 'cite.0@A2-1'

warning  (pdf backend): unreferenced destination with name 'cite.0@A1-3'

warning  (pdf backend): unreferenced destination with name 'cite.0@A1-2'

warning  (pdf backend): unreferenced destination with name 'cite.0@A1-1'
<C:/MiKTeX/fonts/opentype/public/tex-gyre/texgyretermes-italic.otf><C:/MiKTeX/fo
nts/opentype/public/tex-gyre/texgyretermes-bold.otf><C:/MiKTeX/fonts/opentype/pu
blic/tex-gyre/texgyretermes-regular.otf><C:/MiKTeX/fonts/type1/public/ccicons/cc
icons.pfb>
Output written on proceedings.pdf (174 pages, 9642974 bytes).

PDF statistics: 3005 PDF objects out of 3580 (max. 8388607)
 424 named destinations out of 1000 (max. 131072)
 1749 words of extra memory for PDF output out of 10000 (max. 100000000)

